/*
Navicat MySQL Data Transfer

Source Server         : 本机
Source Server Version : 50553
Source Host           : localhost:3306
Source Database       : news

Target Server Type    : MYSQL
Target Server Version : 50553
File Encoding         : 65001

Date: 2019-01-04 20:15:38
*/

SET FOREIGN_KEY_CHECKS=0;

-- ----------------------------
-- Table structure for t_category
-- ----------------------------
DROP TABLE IF EXISTS `t_category`;
CREATE TABLE `t_category` (
  `id` tinyint(4) NOT NULL AUTO_INCREMENT,
  `name` varchar(255) DEFAULT NULL,
  `sort` tinyint(4) NOT NULL,
  `code` varchar(255) DEFAULT '',
  PRIMARY KEY (`id`)
) ENGINE=MyISAM AUTO_INCREMENT=7 DEFAULT CHARSET=utf8;

-- ----------------------------
-- Records of t_category
-- ----------------------------
INSERT INTO `t_category` VALUES ('1', '体育', '2', 'tiyu');
INSERT INTO `t_category` VALUES ('2', '军事', '3', 'junshi');
INSERT INTO `t_category` VALUES ('3', '财经', '4', 'caijing');
INSERT INTO `t_category` VALUES ('4', '娱乐', '5', 'yule');
INSERT INTO `t_category` VALUES ('5', '科技', '6', 'keji');
INSERT INTO `t_category` VALUES ('6', '新闻', '1', 'xinwen');

-- ----------------------------
-- Table structure for t_comment
-- ----------------------------
DROP TABLE IF EXISTS `t_comment`;
CREATE TABLE `t_comment` (
  `id` bigint(20) NOT NULL AUTO_INCREMENT,
  `news_id` bigint(20) NOT NULL,
  `content` varchar(255) NOT NULL,
  `parent_id` bigint(20) unsigned NOT NULL DEFAULT '0',
  PRIMARY KEY (`id`),
  KEY `新闻ID` (`news_id`) USING BTREE
) ENGINE=MyISAM AUTO_INCREMENT=81 DEFAULT CHARSET=utf8 ROW_FORMAT=DYNAMIC;

-- ----------------------------
-- Records of t_comment
-- ----------------------------
INSERT INTO `t_comment` VALUES ('41', '1', '评论:回首2018 重温习近平这18句话', '0');
INSERT INTO `t_comment` VALUES ('42', '2', '评论:曝杜兰特逼勇士交易格林：不要再跟我扯其它的，我现在只想要钱！', '0');
INSERT INTO `t_comment` VALUES ('43', '3', '评论:第一个军事', '0');
INSERT INTO `t_comment` VALUES ('44', '4', '评论:第一个财经', '0');
INSERT INTO `t_comment` VALUES ('45', '5', '评论:第一个娱乐', '0');
INSERT INTO `t_comment` VALUES ('46', '6', '评论:第一个科技', '0');
INSERT INTO `t_comment` VALUES ('47', '7', '评论:述评：中国改革开放宣言的世界回响', '0');
INSERT INTO `t_comment` VALUES ('48', '8', '评论:述评：中国改革开放宣言的世界回响', '0');
INSERT INTO `t_comment` VALUES ('49', '9', '评论:述评：中国改革开放宣言的世界回响', '0');
INSERT INTO `t_comment` VALUES ('50', '10', '评论:述评：中国改革开放宣言的世界回响', '0');
INSERT INTO `t_comment` VALUES ('51', '11', '评论:述评：中国改革开放宣言的世界回响', '0');
INSERT INTO `t_comment` VALUES ('52', '12', '评论:述评：中国改革开放宣言的世界回响', '0');
INSERT INTO `t_comment` VALUES ('53', '13', '评论:述评：中国改革开放宣言的世界回响', '0');
INSERT INTO `t_comment` VALUES ('54', '14', '评论:述评：中国改革开放宣言的世界回响', '0');
INSERT INTO `t_comment` VALUES ('55', '15', '评论:述评：中国改革开放宣言的世界回响', '0');
INSERT INTO `t_comment` VALUES ('56', '16', '评论:述评：中国改革开放宣言的世界回响', '0');
INSERT INTO `t_comment` VALUES ('57', '17', '评论:述评：中国改革开放宣言的世界回响', '0');
INSERT INTO `t_comment` VALUES ('58', '18', '评论:述评：中国改革开放宣言的世界回响', '0');
INSERT INTO `t_comment` VALUES ('59', '19', '评论:述评：中国改革开放宣言的世界回响', '0');
INSERT INTO `t_comment` VALUES ('60', '20', '评论:述评：中国改革开放宣言的世界回响', '0');
INSERT INTO `t_comment` VALUES ('61', '21', '评论:述评：中国改革开放宣言的世界回响', '0');
INSERT INTO `t_comment` VALUES ('62', '22', '评论:述评：中国改革开放宣言的世界回响', '0');
INSERT INTO `t_comment` VALUES ('63', '23', '评论:述评：中国改革开放宣言的世界回响', '0');
INSERT INTO `t_comment` VALUES ('64', '24', '评论:述评：中国改革开放宣言的世界回响', '0');
INSERT INTO `t_comment` VALUES ('65', '25', '评论:曝杜兰特逼勇士交易格林：不要再跟我扯其它的，我现在只想要钱！', '0');
INSERT INTO `t_comment` VALUES ('66', '26', '评论:曝杜兰特逼勇士交易格林：不要再跟我扯其它的，我现在只想要钱！', '0');
INSERT INTO `t_comment` VALUES ('67', '27', '评论:曝杜兰特逼勇士交易格林：不要再跟我扯其它的，我现在只想要钱！', '0');
INSERT INTO `t_comment` VALUES ('68', '28', '评论:曝杜兰特逼勇士交易格林：不要再跟我扯其它的，我现在只想要钱！', '0');
INSERT INTO `t_comment` VALUES ('69', '29', '评论:曝杜兰特逼勇士交易格林：不要再跟我扯其它的，我现在只想要钱！', '0');
INSERT INTO `t_comment` VALUES ('70', '30', '评论:曝杜兰特逼勇士交易格林：不要再跟我扯其它的，我现在只想要钱！', '0');
INSERT INTO `t_comment` VALUES ('71', '31', '评论:曝杜兰特逼勇士交易格林：不要再跟我扯其它的，我现在只想要钱！', '0');
INSERT INTO `t_comment` VALUES ('72', '32', '评论:曝杜兰特逼勇士交易格林：不要再跟我扯其它的，我现在只想要钱！', '0');
INSERT INTO `t_comment` VALUES ('73', '33', '评论:曝杜兰特逼勇士交易格林：不要再跟我扯其它的，我现在只想要钱！', '0');
INSERT INTO `t_comment` VALUES ('74', '34', '评论:曝杜兰特逼勇士交易格林：不要再跟我扯其它的，我现在只想要钱！', '0');
INSERT INTO `t_comment` VALUES ('75', '35', '评论:曝杜兰特逼勇士交易格林：不要再跟我扯其它的，我现在只想要钱！', '0');
INSERT INTO `t_comment` VALUES ('76', '36', '评论:曝杜兰特逼勇士交易格林：不要再跟我扯其它的，我现在只想要钱！', '0');
INSERT INTO `t_comment` VALUES ('77', '37', '评论:曝杜兰特逼勇士交易格林：不要再跟我扯其它的，我现在只想要钱！', '0');
INSERT INTO `t_comment` VALUES ('78', '38', '评论:曝杜兰特逼勇士交易格林：不要再跟我扯其它的，我现在只想要钱！', '0');
INSERT INTO `t_comment` VALUES ('79', '39', '评论:曝杜兰特逼勇士交易格林：不要再跟我扯其它的，我现在只想要钱！', '0');
INSERT INTO `t_comment` VALUES ('80', '40', '评论:曝杜兰特逼勇士交易格林：不要再跟我扯其它的，我现在只想要钱！', '0');

-- ----------------------------
-- Table structure for t_label
-- ----------------------------
DROP TABLE IF EXISTS `t_label`;
CREATE TABLE `t_label` (
  `id` bigint(20) NOT NULL AUTO_INCREMENT,
  `name` varchar(255) NOT NULL,
  PRIMARY KEY (`id`)
) ENGINE=MyISAM AUTO_INCREMENT=5 DEFAULT CHARSET=utf8;

-- ----------------------------
-- Records of t_label
-- ----------------------------
INSERT INTO `t_label` VALUES ('1', '社会主义');
INSERT INTO `t_label` VALUES ('2', '社保');
INSERT INTO `t_label` VALUES ('3', '公积金');
INSERT INTO `t_label` VALUES ('4', '房价');

-- ----------------------------
-- Table structure for t_news
-- ----------------------------
DROP TABLE IF EXISTS `t_news`;
CREATE TABLE `t_news` (
  `id` bigint(20) NOT NULL AUTO_INCREMENT COMMENT '新闻ID',
  `title` varchar(255) NOT NULL,
  `sub_title` varchar(255) DEFAULT NULL,
  `content` longtext NOT NULL,
  `create_time` datetime DEFAULT NULL,
  `author` varchar(255) DEFAULT NULL,
  `origin` varchar(255) DEFAULT NULL,
  PRIMARY KEY (`id`)
) ENGINE=MyISAM AUTO_INCREMENT=41 DEFAULT CHARSET=utf8;

-- ----------------------------
-- Records of t_news
-- ----------------------------
INSERT INTO `t_news` VALUES ('1', '回首2018 重温习近平这18句话', '副标题回首2018 重温习近平这18句话', '<p>宏观调控目标较好完成，三大攻坚战开局良好，供给侧结构性改革深入推进，改革开放力度加大，人民生活持续改善，保持了经济持续健康发展和社会大局稳定……</p><p>2018年，我们朝着实现全面建成小康社会的目标迈出新的步伐！这一年，贫困地区以坚强的斗志让人放心，经济特区以崭新的面貌鼓舞人心，产业升级以科技的元素惊艳众人，主场外交以开放的胸怀喜迎宾客……</p><p>岁末之际，我们一起重温习近平18句重要论述，感受中国经济社会发展的2018，触摸中国经济社会发展的2019。</p><p align=\"center\"><img alt=\"\" width=\"500\" isflag=\"1\" src=\"//news.youth.cn/sz/201812/W020181225663801813286.jpg\" OLDSRC=\"W020181225663801813286.jpg\" /></p><p>2018年新年前夕，习近平通过中国国际广播电台、中央人民广播电台、中央电视台、中国国际电视台（中国环球电视网）和互联网，发表二〇一八年新年贺词。</p><p>习近平说：“2018年是全面贯彻中共十九大精神的开局之年。中共十九大描绘了我国发展今后30多年的美好蓝图。九层之台，起于累土。<strong>要把这个蓝图变为现实，必须不驰于空想、不骛于虚声，一步一个脚印，踏踏实实干好工作。”</strong></p><p align=\"center\"><img alt=\"\" isflag=\"1\" src=\"//news.youth.cn/sz/201812/W020181225663801856822.png\" OLDSRC=\"W020181225663801856822.png\" /></p><p>中华民族传统节日农历春节来临之际，2018年2月10日至13日，习近平来到四川考察调研，看望慰问各族干部群众，向全国各族人民致以美好的新春祝福。</p><p>习近平指出，“全面建成小康社会最艰巨最繁重的任务在贫困地区，特别是在深度贫困地区，无论这块硬骨头有多硬都必须啃下，无论这场攻坚战有多难打都必须打赢，<strong>全面小康路上不能忘记每一个民族、每一个家庭。</strong> <strong>”</strong></p><p align=\"center\"><img alt=\"\" width=\"500\" isflag=\"1\" src=\"//news.youth.cn/sz/201812/W020181225663801908827.jpg\" OLDSRC=\"W020181225663801908827.jpg\" /></p><p align=\"left\">2018年2月14日，中共中央、国务院在北京人民大会堂举行2018年春节团拜会，习近平发表重要讲话。</p><p>习近平强调，“<strong>新时代是奋斗者的时代。</strong> 我们要坚持把人民对美好生活的向往作为我们的奋斗目标，始终为人民不懈奋斗、同人民一起奋斗，切实把奋斗精神贯彻到进行伟大斗争、建设伟大工程、推进伟大事业、实现伟大梦想全过程，形成竞相奋斗、团结奋斗的生动局面。”</p><p align=\"center\"><img alt=\"\" width=\"500\" isflag=\"1\" src=\"//news.youth.cn/sz/201812/W020181225663801920999.jpg\" OLDSRC=\"W020181225663801920999.jpg\" /></p><p>2018年3月20日，第十三届全国人民代表大会第一次会议在北京人民大会堂闭幕。习近平发表重要讲话。</p><p>习近平强调，“<strong>人民有信心，国家才有未来，国家才有力量。</strong> 中国特色社会主义进入了新时代，勤劳勇敢的中国人民更加自信自尊自强。”</p><p align=\"center\"><img alt=\"\" width=\"500\" isflag=\"1\" src=\"//news.youth.cn/sz/201812/W020181225663801958442.jpg\" OLDSRC=\"W020181225663801958442.jpg\" /></p><p>2018年4月10日，博鳌亚洲论坛2018年年会在海南省博鳌开幕。习近平出席开幕式并发表题为《开放共创繁荣 创新引领未来》的主旨演讲。</p><p>习近平说：“综合研判世界发展大势，经济全球化是不可逆转的时代潮流。正是基于这样的判断，我在中共十九大报告中强调，中国坚持对外开放的基本国策，坚持打开国门搞建设。我要明确告诉大家，<strong>中国开放的大门不会关闭，只会越开越大！</strong> ”</p><p align=\"center\"><img alt=\"\" width=\"500\" isflag=\"1\" src=\"//news.youth.cn/sz/201812/W020181225663801981141.jpg\" OLDSRC=\"W020181225663801981141.jpg\" /></p><p>2018年4月11日至13日，习近平在海南考察。13日，习近平出席庆祝海南建省办经济特区30周年大会并发表重要讲话。</p><p>习近平说：“在决胜全面建成小康社会、夺取新时代中国特色社会主义伟大胜利的征程上，<strong>经济特区不仅要继续办下去，而且要办得更好、办出水平。</strong> ”</p><p align=\"center\"><img alt=\"\" width=\"500\" isflag=\"1\" src=\"//news.youth.cn/sz/201812/W020181225663802011256.jpg\" OLDSRC=\"W020181225663802011256.jpg\" /></p><p align=\"center\">2018年4月24日至28日，习近平在湖北考察。</p><p>习近平强调，“推动高质量发展是做好经济工作的根本要求。<strong>高质量发展就是体现新发展理念的发展，是经济发展从‘有没有’转向‘好不好’。</strong> ”</p><p align=\"center\"><img alt=\"\" width=\"500\" isflag=\"1\" src=\"//news.youth.cn/sz/201812/W020181225663802038960.jpg\" OLDSRC=\"W020181225663802038960.jpg\" /></p><p>2018年6月10日，上海合作组织成员国元首理事会第十八次会议在青岛国际会议中心举行。会后，上合组织成员国领导人共同会见记者，习近平作为主席国元首发表讲话。</p><p>习近平说：“世界经济复苏艰难曲折，国际和地区热点问题频发，<strong>各国面临许多共同威胁和挑战，没有哪个国家能够独自应对或独善其身。</strong> 各国只有加强团结协作，深化和平合作、平等相待、开放包容、共赢共享的伙伴关系，才能实现持久稳定和发展。”</p><p align=\"center\"><img alt=\"\" isflag=\"1\" src=\"//news.youth.cn/sz/201812/W020181225663802065131.png\" OLDSRC=\"W020181225663802065131.png\" /></p><p align=\"center\">2018年6月12日至14日，习近平在山东考察。</p><p>习近平指出，“国有企业特别是中央所属国有企业，<strong>一定要加强自主创新能力，研发和掌握更多的国之重器。</strong> 国有企业要深化改革创新，努力建成现代企业。”</p><p align=\"center\"><img alt=\"\" width=\"500\" isflag=\"1\" src=\"//news.youth.cn/sz/201812/W020181225663802106928.jpg\" OLDSRC=\"W020181225663802106928.jpg\" /></p><p>2018年8月27日，习近平在北京人民大会堂出席推进“一带一路”建设工作5周年座谈会并发表重要讲话。</p><p>习近平指出，“共建‘一带一路’不仅是经济合作，而且是完善全球发展模式和全球治理、推进经济全球化健康发展的重要途径。”</p><p align=\"center\"><img alt=\"\" width=\"500\" isflag=\"1\" src=\"//news.youth.cn/sz/201812/W020181225663802121249.png\" OLDSRC=\"W020181225663802121249.png\" /></p><p>2018年9月3日，中非合作论坛北京峰会在人民大会堂隆重开幕。习近平出席开幕式并发表题为《携手共命运 同心促发展》的主旨讲话。</p><p>习近平说：“<strong>中非合作好不好，只有中非人民最有发言权。</strong> 任何人都不能以想象和臆测否定中非合作的显著成就！”</p><p align=\"center\"><img alt=\"\" width=\"500\" isflag=\"1\" src=\"//news.youth.cn/sz/201812/W020181225663802171788.jpg\" OLDSRC=\"W020181225663802171788.jpg\" /></p><p align=\"center\">2018年9月25日至28日，习近平在东北三省考察，主持召开深入推进东北振兴座谈会。</p><p>习近平指出，“制造业特别是装备制造业高质量发展是我国经济高质量发展的重中之重，是一个现代化大国必不可少的。现在，国际上单边主义、贸易保护主义上升，我们必须坚持走自力更生的道路。<strong>中国要发展，最终要靠自己。</strong> ”</p><p align=\"center\"><img alt=\"\" width=\"500\" isflag=\"1\" src=\"//news.youth.cn/sz/201812/W020181225663802199594.png\" OLDSRC=\"W020181225663802199594.png\" /></p><p>2018年10月23日上午，港珠澳大桥开通仪式在广东省珠海市举行。习近平出席仪式，宣布大桥正式开通并巡览大桥。</p><p>习近平强调，“大桥建成通车，进一步坚定了我们对中国特色社会主义的道路自信、理论自信、制度自信、文化自信，充分说明<strong>社会主义是干出来的，新时代也是干出来的！</strong> ”</p><p align=\"center\"><img alt=\"\" width=\"500\" isflag=\"1\" src=\"//news.youth.cn/sz/201812/W020181225663802250261.png\" OLDSRC=\"W020181225663802250261.png\" /></p><p align=\"center\">2018年10月22日至25日，习近平在广东考察。</p><p>习近平强调，“党的十八大后我考察调研的第一站就是深圳，改革开放40周年之际再来这里，就是要向世界宣示<strong>中国改革不停顿、开放不止步，中国一定会有让世界刮目相看的新的更大奇迹。</strong> ”</p><p align=\"center\"><img alt=\"\" width=\"500\" isflag=\"1\" src=\"//news.youth.cn/sz/201812/W020181225663802307926.jpg\" OLDSRC=\"W020181225663802307926.jpg\" /></p><p align=\"center\">2018年11月1日，习近平在北京人民大会堂主持召开民营企业座谈会并发表重要讲话。</p><p>习近平强调，“在全面建成小康社会、进而全面建设社会主义现代化国家的新征程中，<strong>我国民营经济只能壮大、不能弱化，</strong> 而且要走向更加广阔舞台。”</p><p align=\"center\"><img alt=\"\" width=\"500\" isflag=\"1\" src=\"//news.youth.cn/sz/201812/W020181225663802325205.png\" OLDSRC=\"W020181225663802325205.png\" /></p><p>2018年11月5日，首届中国国际进口博览会在上海开幕。习近平出席开幕式并发表题为《共建创新包容的开放型世界经济》的主旨演讲。</p><p>习近平说：“中国是世界第二大经济体，有13亿多人口的大市场，有960多万平方公里的国土，<strong>中国经济是一片大海，而不是一个小池塘。</strong> 大海有风平浪静之时，也有风狂雨骤之时。没有风狂雨骤，那就不是大海了。狂风骤雨可以掀翻小池塘，但不能掀翻大海。经历了无数次狂风骤雨，大海依旧在那儿！经历了5000多年的艰难困苦，中国依旧在这儿！面向未来，中国将永远在这儿！”</p><p align=\"center\"><img alt=\"\" width=\"500\" isflag=\"1\" src=\"//news.youth.cn/sz/201812/W020181225663802363086.png\" OLDSRC=\"W020181225663802363086.png\" /></p><p align=\"center\">2018年11月6日至7日，习近平在上海考察。</p><p>习近平强调，“<strong>中华民族伟大复兴绝不是轻轻松松、敲锣打鼓就能实现的，必须进行具有许多新的历史特点的伟大斗争。</strong> 我们仍然处在大有可为的历史机遇期，前景十分光明，挑战也十分严峻。”</p><p align=\"center\"><img alt=\"\" width=\"500\" isflag=\"1\" src=\"//news.youth.cn/sz/201812/W020181225663802408301.png\" OLDSRC=\"W020181225663802408301.png\" /></p><p>2018年12月18日，庆祝改革开放40周年大会在北京人民大会堂隆重举行。习近平在大会上发表重要讲话。</p><p>习近平说：“建成社会主义现代化强国，实现中华民族伟大复兴，是一场接力跑，<strong>我们要一棒接着一棒跑下去，每一代人都要为下一代人跑出一个好成绩。</strong> ”</p><p>重温习近平的重要论述，树立更坚定的信仰、信念和信心，向改革开放40周年致敬，用实实在在的拼劲、干劲，在新中国成立70周年即将到来之际，继续创造让世界刮目相看的中国奇迹！（文/中央广播电视总台央视网）</p>', '2018-12-26 13:02:01', '朝林', '新华社');
INSERT INTO `t_news` VALUES ('2', '曝杜兰特逼勇士交易格林：不要再跟我扯其它的，我现在只想要钱！', '副标题曝杜兰特逼勇士交易格林：不要再跟我扯其它的，我现在只想要钱！', '<p data-role=\"original-title\" style=\"display:none\">原标题：曝杜兰特逼勇士交易格林：不要再跟我扯其它的，我现在只想要钱！</p><p class=\"ql-align-justify\"> 北京时间12月25日，据NBC体育报道，杜兰特最近在谈到下一份合同时表示，他希望可能签到最大的合同，他说：“我只是想确保我在自己下一份合同中能够尽量拿到更多的钱，这样我可以把我的钱积攒起来，解决钱的问题。这一次没人能够在招募我，你可不能给我一些华而不实的东西，那种华而不实的东西现在真的打动不了我了。”</p> <p class=\"ql-align-justify\"><img src=\"http://5b0988e595225.cdn.sohucs.com/images/20181225/e26074777f87473ca01d7ee04c6afdef.jpeg\" max-width=\"600\"></p> <p class=\"ql-align-justify\"> 杜兰特这样说，也意味着向勇士管理层逼宫，意思就是想留我可以，要么给我顶薪，不给我就走人，去能给我顶薪的球队。明年夏天，杜兰特可以跟勇士签定一份5年2.2亿美元的顶薪合同，平均年薪高达4400万美元，加上库里的4000万年薪，这两人就要占掉勇士8000万的薪金空间。</p> <p class=\"ql-align-justify\"><img src=\"http://5b0988e595225.cdn.sohucs.com/images/20181225/09cb55353802460784e832de2f673b84.jpeg\" max-width=\"600\"></p> <p class=\"ql-align-justify\"> 如果勇士要留下杜兰特，那么格林就必定走，因为他曾经拒绝了勇士4年1.1亿美元的续约合同，勇士若留下杜兰特，必定不能给格林超过2000万美元的年薪，以格林的性格来说，他肯定不会降薪留在勇士。所以杜兰这样说，分明是在逼勇士管理层做选择，要么留下我， 要么送走格林。</p> <p><strong>（推理题）:一个老人死后的照片，是谁杀了他？</strong></p> <p><img src=\"http://5b0988e595225.cdn.sohucs.com/images/20181225/28a601dbd8c5494290aebc3d4b1d02b8.jpeg\" max-width=\"600\"></p> <p class=\"ql-align-justify\"><strong>答案已经发布在微信公众号：yqlqba(长按可复制)，关注后回复“老人”即可知道答案！</strong><a href=\"http://www.sohu.com/?strategyid=00001&amp;spm=smpc.content.content.5.1545794474531rTWe6ug\" target=\"_blank\" title=\"点击进入搜狐首页\" id=\"backsohucom\" style=\"white-space: nowrap;\" data-spm-data=\"5\"><span class=\"backword\"><i class=\"backsohu\"></i>返回搜狐，查看更多</span></a></p>      <p data-role=\"editor-name\">责任编辑：<span></span></p>', '2018-12-26 13:02:01', '朝林', '新华社');
INSERT INTO `t_news` VALUES ('3', '第一个军事', '副标题第一个军事', '第一个军事内容', '2018-12-26 13:02:01', '朝林', '新华社');
INSERT INTO `t_news` VALUES ('4', '第一个财经', '副标题第一个财经', '第一个财经内容', '2018-12-26 13:02:01', '朝林', '新华社');
INSERT INTO `t_news` VALUES ('5', '第一个娱乐', '副标题第一个娱乐', '第一个娱乐内容', '2018-12-26 13:02:01', '朝林', '新华社');
INSERT INTO `t_news` VALUES ('6', '第一个科技', '副标题第一个科技', '第一个科技内容', '2018-12-26 13:02:01', '朝林', '新华社');
INSERT INTO `t_news` VALUES ('7', '述评：中国改革开放宣言的世界回响', '副标题述评：中国改革开放宣言的世界回响', '<div style=\"text-align: center;\"><iframe src=\" \" class=\"video-frame\" style=\"display: none;\"></iframe></div><p>新华社北京12月25日电　<strong><font color=\"navy\">述评：中国改革开放宣言的世界回响</font></strong></p><p>新华社记者</p><p>改革开放40年，深刻改变了中国，深刻影响了世界。这段中国人民创造人类发展史奇迹的伟大历程，也必将载入世界史册。</p><p>中共中央总书记、国家主席、中央军委主席习近平在庆祝改革开放40周年大会上发表重要讲话，面向世界发出新时代改革开放的郑重宣言。</p><p>连日来，国际社会热议讲话，世界从中读到了中国坚持改革开放道路的坚定决心，读到了中国进一步开放合作的满满诚意，读到了对发展道路选择的有益启示。</p><p><font color=\"navy\"><strong>道路决定命运</strong></font></p><p>方向决定前途，道路决定命运。走对路，才有出路；路走得对不对，实践是最好的裁判、最硬的标准。</p><p>40年来，中国经济增长之快、延续时间之长，民生水平提升之大，前所未有；40年来，从生产力到生产关系、从经济基础到上层建筑，现代国家治理体系建设全方位推进……“没有其他任何一种道路比改革开放更能让中国走向现代化。”西班牙中国政策观察中心主任胡里奥·里奥斯在研读习近平讲话后发出感叹。</p><p>“这的确是一段波澜壮阔的过程，改革开放之路极大改变了中国面貌。”泰国前副总理披尼·扎禄颂巴赞叹道。</p><p>唯有志不改，道不变，中国才能牢牢掌握自己的命运。习近平在讲话中强调，必须坚持走中国特色社会主义道路，不断坚持和发展中国特色社会主义。</p><p>这是一条思想解放之路。</p><p>实践发展永无止境，解放思想永无止境。只有解放思想，才有敢想敢干的智慧勇气，才能激发人民群众的创造伟力。里奥斯认为，“是解放思想，让中国特色社会主义建设向前发展，与时俱进，让中国特色社会主义理论体系不断完善，中国和中国共产党才能对不断变化的时代始终做出正确回应。”</p><p>这是一条顺应民心之路。</p><p>为中国人民谋幸福，为中华民族谋复兴，为人类谋大同，是中国共产党人的初心和使命，也是改革开放的初心和使命。“中国共产党初心不改，正是以人民为中心的执政理念，让中国共产党开启改革开放并带领人民走向富裕。”尼日利亚阿布贾大学政治学副教授谢利夫·易卜拉辛如是说。</p><p>这是一条自我革新之路。</p><p>中国共产党领导是中国特色社会主义最本质的特征，是中国特色社会主义制度的最大优势。“中国改革开放的成功得益于一个坚强、睿智、不断自我革新的领导层，他们充分了解国情和人民需求，始终坚持以经济建设为中心。”从习近平讲话中，阿塞拜疆国家科学院东方研究所拉菲克·阿巴索夫教授得出这样的结论。</p><p>这是一条拥抱世界之路。</p><p>开放带来进步，封闭必然落后，是改革开放40年带给世人的重要启示。“习近平主席传递的开放决心无比重要，他告诉世界，伟大的改革开放还要继续下去，这是推动全球进步的重要决定。”英国剑桥大学教授艾伦·巴雷尔这样认为。</p><p><font color=\"navy\"><strong>开放带来进步</strong></font></p><p>中国的发展离不开世界，世界的繁荣也需要中国。</p><p>40年来，中国从封闭半封闭走到全方位开放，在积极推进经济全球化进程中成长为全球第二大经济体。中国积极推动建设开放型世界经济、构建人类命运共同体，促进全球治理体系变革，旗帜鲜明反对霸权主义和强权政治，为世界和平与发展不断贡献中国智慧、中国方案、中国力量，日益走近世界舞台中央。</p><p>中国发展受益于世界，又以自身发展推动世界和平与发展，改革开放正是中国和世界共同发展进步的非凡历程。</p><p>这是一段建设世界和平的非凡历程。</p><p>历史证明，中国的发展是和平力量的发展。印度中国研究所前所长莫汉蒂说，习近平主席讲话体现了中国在发展经济的同时，始终保持对国际社会的责任感，担当起促进全球和平与发展的使命。德国联邦议院德国-中国小组副主席罗比·施伦德指出，全球化的停滞和不平衡发展带来冲突甚至战争的威胁。中国这个拥有强大经济实力的开拓者，正在为建立和平的地球村作出自己的贡献。</p><p>这是一段推动全球发展的非凡历程。</p><p>从引进来到走出去，从加入世贸组织到共建“一带一路”，中国连续多年对世界经济增长贡献率超过30%，成为世界经济增长的主要稳定器和动力源。拉菲克表示，中国经济的发展在世界上不仅起到火车头作用，而且还是世界经济的重要稳定器。在应对国际金融危机过程中，中国发挥了独特作用。共同社客座评论委员冈田充说，改革开放不仅使中国获得飞跃性发展，也使亚洲成为世界的增长中心。</p><p>这是一段维护国际秩序的非凡历程。</p><p>在当前贸易保护主义和单边主义不断抬头的背景下，中国支持开放、透明、包容、非歧视性的多边贸易体制，促进贸易投资自由化便利化，并积极参与全球治理体系改革和建设。德国联邦议院国防委员会委员格罗尔德·奥滕认为，从支持以联合国为核心的战后国际体系到强调二十国集团等多边平台作用，中国深度融入国际体系并成为国际安全发展的稳定器。</p><p>“前进道路上，我们必须高举和平、发展、合作、共赢的旗帜，恪守维护世界和平、促进共同发展的外交政策宗旨，推动建设相互尊重、公平正义、合作共赢的新型国际关系。”改革开放40年的历史节点上，习近平在讲话中庄重宣示。</p><p><strong><font color=\"navy\">思想启迪未来</font></strong></p><p>在新时代改革开放的重要宣示中，习近平多次提及“人类”“世界”“发展”。这是中国把坚持改革开放与促进世界进步紧密相连的印证。</p><p>中国改革开放40年，是独立自强、勤政善治、稳定发展的生动范例，为世界各国破解道路选择之惑、理论探索之困、国家发展之难，消除和平、发展和治理赤字提供了崭新启示。</p><p>从这次重要宣示中，世界收获了国家自主选择发展道路的宝贵经验。</p><p>中国人民的成功实践昭示世人，通向现代化的道路不止一条，只要找准正确方向、驰而不息，条条大路通罗马。40年的实践充分证明，中国发展为广大发展中国家走向现代化提供了成功经验、展现了光明前景。</p><p>尼日利亚中国研究中心主任查尔斯·奥努纳伊朱说，中国为非洲提供了榜样，非洲可以对照寻找适合自己的发展道路。肯尼亚内罗毕大学国际经济学学者盖里雄·伊基亚拉说，改革开放提供了一种消除贫困、实现经济转型的借鉴模式。</p><p>从这次重要宣示中，世界读到了中国开放包容理念的丰富内涵。</p><p>意大利中国基金会商业研究中心高级研究员菲利波·法苏洛说，改革开放的发展模式以及中国与伙伴国家的互利合作，给世界其他国家树立了榜样。西班牙《对外政策》刊文说，当前世界背景下，理解中国走过的路，有助于政治家们决定下一步怎么走。</p><p>从这次重要宣示中，世界看到了中国顺应历史潮流、与时代同行的大方向。</p><p>俄罗斯人民友谊大学教授尤里·塔夫罗夫斯基在俄《独立报》撰文说，中国改革开放是全世界范围内规模最大的试验。“它显然已经成功，中国人民将跨越历史长河，向着梦想前进。”</p><p>40年栉风沐雨，40年砥砺奋进。新时代，中国改革开放的宣言正在激发广泛而深远的世界回响。（参与记者：范伟国、杨舟、郭求达、郭骏、杨臻、李铭、李洁、孙晓玲、赵旭、任珂）</p><div class=\"lb\"><div class=\"standard_lb\"><span class=\"tj\">图集</span> <span class=\"origin\"></span><div class=\"swiper-container2\" id=\"swiperContainer2\"><div class=\"swiper-wrapper\"> </div><div class=\"swiper-pagination\"></div><div class=\"swiper_arrow arrow_left s_arrow_left\"></div><div class=\"swiper_arrow arrow_right s_arrow_right\"></div><div class=\"swiper-scrollbar\"></div><span class=\"lb-left s_arrow_left\"></span> <span class=\"lb-right s_arrow_right\"></span> </div></div></div><div class=\"zan-wap\"><a href=\"javascript:void(0);\" class=\"zan\"> </a><div class=\"zan-i\">+1</div><div class=\"zan-v\"> <span></span> </div></div><div class=\"p-tags\" id=\"\"><div class=\"p-kwap\" style=\"display: none;\"><a href=\"javascript:void(0);\">世界发展</a><a href=\"javascript:void(0);\">改革开放</a><a href=\"javascript:void(0);\">经济</a></div><span class=\"p-jc\"><span class=\"tiyi1\"><a href=\"javascript:void(0);\" class=\"advise\">【纠错】</a><div class=\"tiyi01\" id=\"advisebox01\" style=\"display:none\"><div><iframe id=\"jc_link1\" style=\"width:600px;height:350px; float:left;\" border=\"0\" name=\"search\" marginwidth=\"0\" framespacing=\"0\" marginheight=\"0\" frameborder=\"0\" noresize=\"\" scrolling=\"no\" vspale=\"0\"></iframe></div><div class=\"tiyi03\"><div id=\"jc_close1\" style=\"cursor:pointer\"><img src=\"http://www.xinhuanet.com/images/syicon/space.gif\" width=\"24\" height=\"24\" border=\"0\"></div>', '2018-12-26 13:02:01', '朝林', '新华社');
INSERT INTO `t_news` VALUES ('8', '述评：中国改革开放宣言的世界回响', '副标题述评：中国改革开放宣言的世界回响', '<div style=\"text-align: center;\"><iframe src=\" \" class=\"video-frame\" style=\"display: none;\"></iframe></div><p>新华社北京12月25日电　<strong><font color=\"navy\">述评：中国改革开放宣言的世界回响</font></strong></p><p>新华社记者</p><p>改革开放40年，深刻改变了中国，深刻影响了世界。这段中国人民创造人类发展史奇迹的伟大历程，也必将载入世界史册。</p><p>中共中央总书记、国家主席、中央军委主席习近平在庆祝改革开放40周年大会上发表重要讲话，面向世界发出新时代改革开放的郑重宣言。</p><p>连日来，国际社会热议讲话，世界从中读到了中国坚持改革开放道路的坚定决心，读到了中国进一步开放合作的满满诚意，读到了对发展道路选择的有益启示。</p><p><font color=\"navy\"><strong>道路决定命运</strong></font></p><p>方向决定前途，道路决定命运。走对路，才有出路；路走得对不对，实践是最好的裁判、最硬的标准。</p><p>40年来，中国经济增长之快、延续时间之长，民生水平提升之大，前所未有；40年来，从生产力到生产关系、从经济基础到上层建筑，现代国家治理体系建设全方位推进……“没有其他任何一种道路比改革开放更能让中国走向现代化。”西班牙中国政策观察中心主任胡里奥·里奥斯在研读习近平讲话后发出感叹。</p><p>“这的确是一段波澜壮阔的过程，改革开放之路极大改变了中国面貌。”泰国前副总理披尼·扎禄颂巴赞叹道。</p><p>唯有志不改，道不变，中国才能牢牢掌握自己的命运。习近平在讲话中强调，必须坚持走中国特色社会主义道路，不断坚持和发展中国特色社会主义。</p><p>这是一条思想解放之路。</p><p>实践发展永无止境，解放思想永无止境。只有解放思想，才有敢想敢干的智慧勇气，才能激发人民群众的创造伟力。里奥斯认为，“是解放思想，让中国特色社会主义建设向前发展，与时俱进，让中国特色社会主义理论体系不断完善，中国和中国共产党才能对不断变化的时代始终做出正确回应。”</p><p>这是一条顺应民心之路。</p><p>为中国人民谋幸福，为中华民族谋复兴，为人类谋大同，是中国共产党人的初心和使命，也是改革开放的初心和使命。“中国共产党初心不改，正是以人民为中心的执政理念，让中国共产党开启改革开放并带领人民走向富裕。”尼日利亚阿布贾大学政治学副教授谢利夫·易卜拉辛如是说。</p><p>这是一条自我革新之路。</p><p>中国共产党领导是中国特色社会主义最本质的特征，是中国特色社会主义制度的最大优势。“中国改革开放的成功得益于一个坚强、睿智、不断自我革新的领导层，他们充分了解国情和人民需求，始终坚持以经济建设为中心。”从习近平讲话中，阿塞拜疆国家科学院东方研究所拉菲克·阿巴索夫教授得出这样的结论。</p><p>这是一条拥抱世界之路。</p><p>开放带来进步，封闭必然落后，是改革开放40年带给世人的重要启示。“习近平主席传递的开放决心无比重要，他告诉世界，伟大的改革开放还要继续下去，这是推动全球进步的重要决定。”英国剑桥大学教授艾伦·巴雷尔这样认为。</p><p><font color=\"navy\"><strong>开放带来进步</strong></font></p><p>中国的发展离不开世界，世界的繁荣也需要中国。</p><p>40年来，中国从封闭半封闭走到全方位开放，在积极推进经济全球化进程中成长为全球第二大经济体。中国积极推动建设开放型世界经济、构建人类命运共同体，促进全球治理体系变革，旗帜鲜明反对霸权主义和强权政治，为世界和平与发展不断贡献中国智慧、中国方案、中国力量，日益走近世界舞台中央。</p><p>中国发展受益于世界，又以自身发展推动世界和平与发展，改革开放正是中国和世界共同发展进步的非凡历程。</p><p>这是一段建设世界和平的非凡历程。</p><p>历史证明，中国的发展是和平力量的发展。印度中国研究所前所长莫汉蒂说，习近平主席讲话体现了中国在发展经济的同时，始终保持对国际社会的责任感，担当起促进全球和平与发展的使命。德国联邦议院德国-中国小组副主席罗比·施伦德指出，全球化的停滞和不平衡发展带来冲突甚至战争的威胁。中国这个拥有强大经济实力的开拓者，正在为建立和平的地球村作出自己的贡献。</p><p>这是一段推动全球发展的非凡历程。</p><p>从引进来到走出去，从加入世贸组织到共建“一带一路”，中国连续多年对世界经济增长贡献率超过30%，成为世界经济增长的主要稳定器和动力源。拉菲克表示，中国经济的发展在世界上不仅起到火车头作用，而且还是世界经济的重要稳定器。在应对国际金融危机过程中，中国发挥了独特作用。共同社客座评论委员冈田充说，改革开放不仅使中国获得飞跃性发展，也使亚洲成为世界的增长中心。</p><p>这是一段维护国际秩序的非凡历程。</p><p>在当前贸易保护主义和单边主义不断抬头的背景下，中国支持开放、透明、包容、非歧视性的多边贸易体制，促进贸易投资自由化便利化，并积极参与全球治理体系改革和建设。德国联邦议院国防委员会委员格罗尔德·奥滕认为，从支持以联合国为核心的战后国际体系到强调二十国集团等多边平台作用，中国深度融入国际体系并成为国际安全发展的稳定器。</p><p>“前进道路上，我们必须高举和平、发展、合作、共赢的旗帜，恪守维护世界和平、促进共同发展的外交政策宗旨，推动建设相互尊重、公平正义、合作共赢的新型国际关系。”改革开放40年的历史节点上，习近平在讲话中庄重宣示。</p><p><strong><font color=\"navy\">思想启迪未来</font></strong></p><p>在新时代改革开放的重要宣示中，习近平多次提及“人类”“世界”“发展”。这是中国把坚持改革开放与促进世界进步紧密相连的印证。</p><p>中国改革开放40年，是独立自强、勤政善治、稳定发展的生动范例，为世界各国破解道路选择之惑、理论探索之困、国家发展之难，消除和平、发展和治理赤字提供了崭新启示。</p><p>从这次重要宣示中，世界收获了国家自主选择发展道路的宝贵经验。</p><p>中国人民的成功实践昭示世人，通向现代化的道路不止一条，只要找准正确方向、驰而不息，条条大路通罗马。40年的实践充分证明，中国发展为广大发展中国家走向现代化提供了成功经验、展现了光明前景。</p><p>尼日利亚中国研究中心主任查尔斯·奥努纳伊朱说，中国为非洲提供了榜样，非洲可以对照寻找适合自己的发展道路。肯尼亚内罗毕大学国际经济学学者盖里雄·伊基亚拉说，改革开放提供了一种消除贫困、实现经济转型的借鉴模式。</p><p>从这次重要宣示中，世界读到了中国开放包容理念的丰富内涵。</p><p>意大利中国基金会商业研究中心高级研究员菲利波·法苏洛说，改革开放的发展模式以及中国与伙伴国家的互利合作，给世界其他国家树立了榜样。西班牙《对外政策》刊文说，当前世界背景下，理解中国走过的路，有助于政治家们决定下一步怎么走。</p><p>从这次重要宣示中，世界看到了中国顺应历史潮流、与时代同行的大方向。</p><p>俄罗斯人民友谊大学教授尤里·塔夫罗夫斯基在俄《独立报》撰文说，中国改革开放是全世界范围内规模最大的试验。“它显然已经成功，中国人民将跨越历史长河，向着梦想前进。”</p><p>40年栉风沐雨，40年砥砺奋进。新时代，中国改革开放的宣言正在激发广泛而深远的世界回响。（参与记者：范伟国、杨舟、郭求达、郭骏、杨臻、李铭、李洁、孙晓玲、赵旭、任珂）</p><div class=\"lb\"><div class=\"standard_lb\"><span class=\"tj\">图集</span> <span class=\"origin\"></span><div class=\"swiper-container2\" id=\"swiperContainer2\"><div class=\"swiper-wrapper\"> </div><div class=\"swiper-pagination\"></div><div class=\"swiper_arrow arrow_left s_arrow_left\"></div><div class=\"swiper_arrow arrow_right s_arrow_right\"></div><div class=\"swiper-scrollbar\"></div><span class=\"lb-left s_arrow_left\"></span> <span class=\"lb-right s_arrow_right\"></span> </div></div></div><div class=\"zan-wap\"><a href=\"javascript:void(0);\" class=\"zan\"> </a><div class=\"zan-i\">+1</div><div class=\"zan-v\"> <span></span> </div></div><div class=\"p-tags\" id=\"\"><div class=\"p-kwap\" style=\"display: none;\"><a href=\"javascript:void(0);\">世界发展</a><a href=\"javascript:void(0);\">改革开放</a><a href=\"javascript:void(0);\">经济</a></div><span class=\"p-jc\"><span class=\"tiyi1\"><a href=\"javascript:void(0);\" class=\"advise\">【纠错】</a><div class=\"tiyi01\" id=\"advisebox01\" style=\"display:none\"><div><iframe id=\"jc_link1\" style=\"width:600px;height:350px; float:left;\" border=\"0\" name=\"search\" marginwidth=\"0\" framespacing=\"0\" marginheight=\"0\" frameborder=\"0\" noresize=\"\" scrolling=\"no\" vspale=\"0\"></iframe></div><div class=\"tiyi03\"><div id=\"jc_close1\" style=\"cursor:pointer\"><img src=\"http://www.xinhuanet.com/images/syicon/space.gif\" width=\"24\" height=\"24\" border=\"0\"></div>', '2018-12-26 13:02:01', '朝林', '新华社');
INSERT INTO `t_news` VALUES ('9', '述评：中国改革开放宣言的世界回响', '副标题述评：中国改革开放宣言的世界回响', '<div style=\"text-align: center;\"><iframe src=\" \" class=\"video-frame\" style=\"display: none;\"></iframe></div><p>新华社北京12月25日电　<strong><font color=\"navy\">述评：中国改革开放宣言的世界回响</font></strong></p><p>新华社记者</p><p>改革开放40年，深刻改变了中国，深刻影响了世界。这段中国人民创造人类发展史奇迹的伟大历程，也必将载入世界史册。</p><p>中共中央总书记、国家主席、中央军委主席习近平在庆祝改革开放40周年大会上发表重要讲话，面向世界发出新时代改革开放的郑重宣言。</p><p>连日来，国际社会热议讲话，世界从中读到了中国坚持改革开放道路的坚定决心，读到了中国进一步开放合作的满满诚意，读到了对发展道路选择的有益启示。</p><p><font color=\"navy\"><strong>道路决定命运</strong></font></p><p>方向决定前途，道路决定命运。走对路，才有出路；路走得对不对，实践是最好的裁判、最硬的标准。</p><p>40年来，中国经济增长之快、延续时间之长，民生水平提升之大，前所未有；40年来，从生产力到生产关系、从经济基础到上层建筑，现代国家治理体系建设全方位推进……“没有其他任何一种道路比改革开放更能让中国走向现代化。”西班牙中国政策观察中心主任胡里奥·里奥斯在研读习近平讲话后发出感叹。</p><p>“这的确是一段波澜壮阔的过程，改革开放之路极大改变了中国面貌。”泰国前副总理披尼·扎禄颂巴赞叹道。</p><p>唯有志不改，道不变，中国才能牢牢掌握自己的命运。习近平在讲话中强调，必须坚持走中国特色社会主义道路，不断坚持和发展中国特色社会主义。</p><p>这是一条思想解放之路。</p><p>实践发展永无止境，解放思想永无止境。只有解放思想，才有敢想敢干的智慧勇气，才能激发人民群众的创造伟力。里奥斯认为，“是解放思想，让中国特色社会主义建设向前发展，与时俱进，让中国特色社会主义理论体系不断完善，中国和中国共产党才能对不断变化的时代始终做出正确回应。”</p><p>这是一条顺应民心之路。</p><p>为中国人民谋幸福，为中华民族谋复兴，为人类谋大同，是中国共产党人的初心和使命，也是改革开放的初心和使命。“中国共产党初心不改，正是以人民为中心的执政理念，让中国共产党开启改革开放并带领人民走向富裕。”尼日利亚阿布贾大学政治学副教授谢利夫·易卜拉辛如是说。</p><p>这是一条自我革新之路。</p><p>中国共产党领导是中国特色社会主义最本质的特征，是中国特色社会主义制度的最大优势。“中国改革开放的成功得益于一个坚强、睿智、不断自我革新的领导层，他们充分了解国情和人民需求，始终坚持以经济建设为中心。”从习近平讲话中，阿塞拜疆国家科学院东方研究所拉菲克·阿巴索夫教授得出这样的结论。</p><p>这是一条拥抱世界之路。</p><p>开放带来进步，封闭必然落后，是改革开放40年带给世人的重要启示。“习近平主席传递的开放决心无比重要，他告诉世界，伟大的改革开放还要继续下去，这是推动全球进步的重要决定。”英国剑桥大学教授艾伦·巴雷尔这样认为。</p><p><font color=\"navy\"><strong>开放带来进步</strong></font></p><p>中国的发展离不开世界，世界的繁荣也需要中国。</p><p>40年来，中国从封闭半封闭走到全方位开放，在积极推进经济全球化进程中成长为全球第二大经济体。中国积极推动建设开放型世界经济、构建人类命运共同体，促进全球治理体系变革，旗帜鲜明反对霸权主义和强权政治，为世界和平与发展不断贡献中国智慧、中国方案、中国力量，日益走近世界舞台中央。</p><p>中国发展受益于世界，又以自身发展推动世界和平与发展，改革开放正是中国和世界共同发展进步的非凡历程。</p><p>这是一段建设世界和平的非凡历程。</p><p>历史证明，中国的发展是和平力量的发展。印度中国研究所前所长莫汉蒂说，习近平主席讲话体现了中国在发展经济的同时，始终保持对国际社会的责任感，担当起促进全球和平与发展的使命。德国联邦议院德国-中国小组副主席罗比·施伦德指出，全球化的停滞和不平衡发展带来冲突甚至战争的威胁。中国这个拥有强大经济实力的开拓者，正在为建立和平的地球村作出自己的贡献。</p><p>这是一段推动全球发展的非凡历程。</p><p>从引进来到走出去，从加入世贸组织到共建“一带一路”，中国连续多年对世界经济增长贡献率超过30%，成为世界经济增长的主要稳定器和动力源。拉菲克表示，中国经济的发展在世界上不仅起到火车头作用，而且还是世界经济的重要稳定器。在应对国际金融危机过程中，中国发挥了独特作用。共同社客座评论委员冈田充说，改革开放不仅使中国获得飞跃性发展，也使亚洲成为世界的增长中心。</p><p>这是一段维护国际秩序的非凡历程。</p><p>在当前贸易保护主义和单边主义不断抬头的背景下，中国支持开放、透明、包容、非歧视性的多边贸易体制，促进贸易投资自由化便利化，并积极参与全球治理体系改革和建设。德国联邦议院国防委员会委员格罗尔德·奥滕认为，从支持以联合国为核心的战后国际体系到强调二十国集团等多边平台作用，中国深度融入国际体系并成为国际安全发展的稳定器。</p><p>“前进道路上，我们必须高举和平、发展、合作、共赢的旗帜，恪守维护世界和平、促进共同发展的外交政策宗旨，推动建设相互尊重、公平正义、合作共赢的新型国际关系。”改革开放40年的历史节点上，习近平在讲话中庄重宣示。</p><p><strong><font color=\"navy\">思想启迪未来</font></strong></p><p>在新时代改革开放的重要宣示中，习近平多次提及“人类”“世界”“发展”。这是中国把坚持改革开放与促进世界进步紧密相连的印证。</p><p>中国改革开放40年，是独立自强、勤政善治、稳定发展的生动范例，为世界各国破解道路选择之惑、理论探索之困、国家发展之难，消除和平、发展和治理赤字提供了崭新启示。</p><p>从这次重要宣示中，世界收获了国家自主选择发展道路的宝贵经验。</p><p>中国人民的成功实践昭示世人，通向现代化的道路不止一条，只要找准正确方向、驰而不息，条条大路通罗马。40年的实践充分证明，中国发展为广大发展中国家走向现代化提供了成功经验、展现了光明前景。</p><p>尼日利亚中国研究中心主任查尔斯·奥努纳伊朱说，中国为非洲提供了榜样，非洲可以对照寻找适合自己的发展道路。肯尼亚内罗毕大学国际经济学学者盖里雄·伊基亚拉说，改革开放提供了一种消除贫困、实现经济转型的借鉴模式。</p><p>从这次重要宣示中，世界读到了中国开放包容理念的丰富内涵。</p><p>意大利中国基金会商业研究中心高级研究员菲利波·法苏洛说，改革开放的发展模式以及中国与伙伴国家的互利合作，给世界其他国家树立了榜样。西班牙《对外政策》刊文说，当前世界背景下，理解中国走过的路，有助于政治家们决定下一步怎么走。</p><p>从这次重要宣示中，世界看到了中国顺应历史潮流、与时代同行的大方向。</p><p>俄罗斯人民友谊大学教授尤里·塔夫罗夫斯基在俄《独立报》撰文说，中国改革开放是全世界范围内规模最大的试验。“它显然已经成功，中国人民将跨越历史长河，向着梦想前进。”</p><p>40年栉风沐雨，40年砥砺奋进。新时代，中国改革开放的宣言正在激发广泛而深远的世界回响。（参与记者：范伟国、杨舟、郭求达、郭骏、杨臻、李铭、李洁、孙晓玲、赵旭、任珂）</p><div class=\"lb\"><div class=\"standard_lb\"><span class=\"tj\">图集</span> <span class=\"origin\"></span><div class=\"swiper-container2\" id=\"swiperContainer2\"><div class=\"swiper-wrapper\"> </div><div class=\"swiper-pagination\"></div><div class=\"swiper_arrow arrow_left s_arrow_left\"></div><div class=\"swiper_arrow arrow_right s_arrow_right\"></div><div class=\"swiper-scrollbar\"></div><span class=\"lb-left s_arrow_left\"></span> <span class=\"lb-right s_arrow_right\"></span> </div></div></div><div class=\"zan-wap\"><a href=\"javascript:void(0);\" class=\"zan\"> </a><div class=\"zan-i\">+1</div><div class=\"zan-v\"> <span></span> </div></div><div class=\"p-tags\" id=\"\"><div class=\"p-kwap\" style=\"display: none;\"><a href=\"javascript:void(0);\">世界发展</a><a href=\"javascript:void(0);\">改革开放</a><a href=\"javascript:void(0);\">经济</a></div><span class=\"p-jc\"><span class=\"tiyi1\"><a href=\"javascript:void(0);\" class=\"advise\">【纠错】</a><div class=\"tiyi01\" id=\"advisebox01\" style=\"display:none\"><div><iframe id=\"jc_link1\" style=\"width:600px;height:350px; float:left;\" border=\"0\" name=\"search\" marginwidth=\"0\" framespacing=\"0\" marginheight=\"0\" frameborder=\"0\" noresize=\"\" scrolling=\"no\" vspale=\"0\"></iframe></div><div class=\"tiyi03\"><div id=\"jc_close1\" style=\"cursor:pointer\"><img src=\"http://www.xinhuanet.com/images/syicon/space.gif\" width=\"24\" height=\"24\" border=\"0\"></div>', '2018-12-26 13:02:01', '朝林', '新华社');
INSERT INTO `t_news` VALUES ('10', '述评：中国改革开放宣言的世界回响', '副标题述评：中国改革开放宣言的世界回响', '<div style=\"text-align: center;\"><iframe src=\" \" class=\"video-frame\" style=\"display: none;\"></iframe></div><p>新华社北京12月25日电　<strong><font color=\"navy\">述评：中国改革开放宣言的世界回响</font></strong></p><p>新华社记者</p><p>改革开放40年，深刻改变了中国，深刻影响了世界。这段中国人民创造人类发展史奇迹的伟大历程，也必将载入世界史册。</p><p>中共中央总书记、国家主席、中央军委主席习近平在庆祝改革开放40周年大会上发表重要讲话，面向世界发出新时代改革开放的郑重宣言。</p><p>连日来，国际社会热议讲话，世界从中读到了中国坚持改革开放道路的坚定决心，读到了中国进一步开放合作的满满诚意，读到了对发展道路选择的有益启示。</p><p><font color=\"navy\"><strong>道路决定命运</strong></font></p><p>方向决定前途，道路决定命运。走对路，才有出路；路走得对不对，实践是最好的裁判、最硬的标准。</p><p>40年来，中国经济增长之快、延续时间之长，民生水平提升之大，前所未有；40年来，从生产力到生产关系、从经济基础到上层建筑，现代国家治理体系建设全方位推进……“没有其他任何一种道路比改革开放更能让中国走向现代化。”西班牙中国政策观察中心主任胡里奥·里奥斯在研读习近平讲话后发出感叹。</p><p>“这的确是一段波澜壮阔的过程，改革开放之路极大改变了中国面貌。”泰国前副总理披尼·扎禄颂巴赞叹道。</p><p>唯有志不改，道不变，中国才能牢牢掌握自己的命运。习近平在讲话中强调，必须坚持走中国特色社会主义道路，不断坚持和发展中国特色社会主义。</p><p>这是一条思想解放之路。</p><p>实践发展永无止境，解放思想永无止境。只有解放思想，才有敢想敢干的智慧勇气，才能激发人民群众的创造伟力。里奥斯认为，“是解放思想，让中国特色社会主义建设向前发展，与时俱进，让中国特色社会主义理论体系不断完善，中国和中国共产党才能对不断变化的时代始终做出正确回应。”</p><p>这是一条顺应民心之路。</p><p>为中国人民谋幸福，为中华民族谋复兴，为人类谋大同，是中国共产党人的初心和使命，也是改革开放的初心和使命。“中国共产党初心不改，正是以人民为中心的执政理念，让中国共产党开启改革开放并带领人民走向富裕。”尼日利亚阿布贾大学政治学副教授谢利夫·易卜拉辛如是说。</p><p>这是一条自我革新之路。</p><p>中国共产党领导是中国特色社会主义最本质的特征，是中国特色社会主义制度的最大优势。“中国改革开放的成功得益于一个坚强、睿智、不断自我革新的领导层，他们充分了解国情和人民需求，始终坚持以经济建设为中心。”从习近平讲话中，阿塞拜疆国家科学院东方研究所拉菲克·阿巴索夫教授得出这样的结论。</p><p>这是一条拥抱世界之路。</p><p>开放带来进步，封闭必然落后，是改革开放40年带给世人的重要启示。“习近平主席传递的开放决心无比重要，他告诉世界，伟大的改革开放还要继续下去，这是推动全球进步的重要决定。”英国剑桥大学教授艾伦·巴雷尔这样认为。</p><p><font color=\"navy\"><strong>开放带来进步</strong></font></p><p>中国的发展离不开世界，世界的繁荣也需要中国。</p><p>40年来，中国从封闭半封闭走到全方位开放，在积极推进经济全球化进程中成长为全球第二大经济体。中国积极推动建设开放型世界经济、构建人类命运共同体，促进全球治理体系变革，旗帜鲜明反对霸权主义和强权政治，为世界和平与发展不断贡献中国智慧、中国方案、中国力量，日益走近世界舞台中央。</p><p>中国发展受益于世界，又以自身发展推动世界和平与发展，改革开放正是中国和世界共同发展进步的非凡历程。</p><p>这是一段建设世界和平的非凡历程。</p><p>历史证明，中国的发展是和平力量的发展。印度中国研究所前所长莫汉蒂说，习近平主席讲话体现了中国在发展经济的同时，始终保持对国际社会的责任感，担当起促进全球和平与发展的使命。德国联邦议院德国-中国小组副主席罗比·施伦德指出，全球化的停滞和不平衡发展带来冲突甚至战争的威胁。中国这个拥有强大经济实力的开拓者，正在为建立和平的地球村作出自己的贡献。</p><p>这是一段推动全球发展的非凡历程。</p><p>从引进来到走出去，从加入世贸组织到共建“一带一路”，中国连续多年对世界经济增长贡献率超过30%，成为世界经济增长的主要稳定器和动力源。拉菲克表示，中国经济的发展在世界上不仅起到火车头作用，而且还是世界经济的重要稳定器。在应对国际金融危机过程中，中国发挥了独特作用。共同社客座评论委员冈田充说，改革开放不仅使中国获得飞跃性发展，也使亚洲成为世界的增长中心。</p><p>这是一段维护国际秩序的非凡历程。</p><p>在当前贸易保护主义和单边主义不断抬头的背景下，中国支持开放、透明、包容、非歧视性的多边贸易体制，促进贸易投资自由化便利化，并积极参与全球治理体系改革和建设。德国联邦议院国防委员会委员格罗尔德·奥滕认为，从支持以联合国为核心的战后国际体系到强调二十国集团等多边平台作用，中国深度融入国际体系并成为国际安全发展的稳定器。</p><p>“前进道路上，我们必须高举和平、发展、合作、共赢的旗帜，恪守维护世界和平、促进共同发展的外交政策宗旨，推动建设相互尊重、公平正义、合作共赢的新型国际关系。”改革开放40年的历史节点上，习近平在讲话中庄重宣示。</p><p><strong><font color=\"navy\">思想启迪未来</font></strong></p><p>在新时代改革开放的重要宣示中，习近平多次提及“人类”“世界”“发展”。这是中国把坚持改革开放与促进世界进步紧密相连的印证。</p><p>中国改革开放40年，是独立自强、勤政善治、稳定发展的生动范例，为世界各国破解道路选择之惑、理论探索之困、国家发展之难，消除和平、发展和治理赤字提供了崭新启示。</p><p>从这次重要宣示中，世界收获了国家自主选择发展道路的宝贵经验。</p><p>中国人民的成功实践昭示世人，通向现代化的道路不止一条，只要找准正确方向、驰而不息，条条大路通罗马。40年的实践充分证明，中国发展为广大发展中国家走向现代化提供了成功经验、展现了光明前景。</p><p>尼日利亚中国研究中心主任查尔斯·奥努纳伊朱说，中国为非洲提供了榜样，非洲可以对照寻找适合自己的发展道路。肯尼亚内罗毕大学国际经济学学者盖里雄·伊基亚拉说，改革开放提供了一种消除贫困、实现经济转型的借鉴模式。</p><p>从这次重要宣示中，世界读到了中国开放包容理念的丰富内涵。</p><p>意大利中国基金会商业研究中心高级研究员菲利波·法苏洛说，改革开放的发展模式以及中国与伙伴国家的互利合作，给世界其他国家树立了榜样。西班牙《对外政策》刊文说，当前世界背景下，理解中国走过的路，有助于政治家们决定下一步怎么走。</p><p>从这次重要宣示中，世界看到了中国顺应历史潮流、与时代同行的大方向。</p><p>俄罗斯人民友谊大学教授尤里·塔夫罗夫斯基在俄《独立报》撰文说，中国改革开放是全世界范围内规模最大的试验。“它显然已经成功，中国人民将跨越历史长河，向着梦想前进。”</p><p>40年栉风沐雨，40年砥砺奋进。新时代，中国改革开放的宣言正在激发广泛而深远的世界回响。（参与记者：范伟国、杨舟、郭求达、郭骏、杨臻、李铭、李洁、孙晓玲、赵旭、任珂）</p><div class=\"lb\"><div class=\"standard_lb\"><span class=\"tj\">图集</span> <span class=\"origin\"></span><div class=\"swiper-container2\" id=\"swiperContainer2\"><div class=\"swiper-wrapper\"> </div><div class=\"swiper-pagination\"></div><div class=\"swiper_arrow arrow_left s_arrow_left\"></div><div class=\"swiper_arrow arrow_right s_arrow_right\"></div><div class=\"swiper-scrollbar\"></div><span class=\"lb-left s_arrow_left\"></span> <span class=\"lb-right s_arrow_right\"></span> </div></div></div><div class=\"zan-wap\"><a href=\"javascript:void(0);\" class=\"zan\"> </a><div class=\"zan-i\">+1</div><div class=\"zan-v\"> <span></span> </div></div><div class=\"p-tags\" id=\"\"><div class=\"p-kwap\" style=\"display: none;\"><a href=\"javascript:void(0);\">世界发展</a><a href=\"javascript:void(0);\">改革开放</a><a href=\"javascript:void(0);\">经济</a></div><span class=\"p-jc\"><span class=\"tiyi1\"><a href=\"javascript:void(0);\" class=\"advise\">【纠错】</a><div class=\"tiyi01\" id=\"advisebox01\" style=\"display:none\"><div><iframe id=\"jc_link1\" style=\"width:600px;height:350px; float:left;\" border=\"0\" name=\"search\" marginwidth=\"0\" framespacing=\"0\" marginheight=\"0\" frameborder=\"0\" noresize=\"\" scrolling=\"no\" vspale=\"0\"></iframe></div><div class=\"tiyi03\"><div id=\"jc_close1\" style=\"cursor:pointer\"><img src=\"http://www.xinhuanet.com/images/syicon/space.gif\" width=\"24\" height=\"24\" border=\"0\"></div>', '2018-12-26 13:02:01', '朝林', '新华社');
INSERT INTO `t_news` VALUES ('11', '述评：中国改革开放宣言的世界回响', '副标题述评：中国改革开放宣言的世界回响', '<div style=\"text-align: center;\"><iframe src=\" \" class=\"video-frame\" style=\"display: none;\"></iframe></div><p>新华社北京12月25日电　<strong><font color=\"navy\">述评：中国改革开放宣言的世界回响</font></strong></p><p>新华社记者</p><p>改革开放40年，深刻改变了中国，深刻影响了世界。这段中国人民创造人类发展史奇迹的伟大历程，也必将载入世界史册。</p><p>中共中央总书记、国家主席、中央军委主席习近平在庆祝改革开放40周年大会上发表重要讲话，面向世界发出新时代改革开放的郑重宣言。</p><p>连日来，国际社会热议讲话，世界从中读到了中国坚持改革开放道路的坚定决心，读到了中国进一步开放合作的满满诚意，读到了对发展道路选择的有益启示。</p><p><font color=\"navy\"><strong>道路决定命运</strong></font></p><p>方向决定前途，道路决定命运。走对路，才有出路；路走得对不对，实践是最好的裁判、最硬的标准。</p><p>40年来，中国经济增长之快、延续时间之长，民生水平提升之大，前所未有；40年来，从生产力到生产关系、从经济基础到上层建筑，现代国家治理体系建设全方位推进……“没有其他任何一种道路比改革开放更能让中国走向现代化。”西班牙中国政策观察中心主任胡里奥·里奥斯在研读习近平讲话后发出感叹。</p><p>“这的确是一段波澜壮阔的过程，改革开放之路极大改变了中国面貌。”泰国前副总理披尼·扎禄颂巴赞叹道。</p><p>唯有志不改，道不变，中国才能牢牢掌握自己的命运。习近平在讲话中强调，必须坚持走中国特色社会主义道路，不断坚持和发展中国特色社会主义。</p><p>这是一条思想解放之路。</p><p>实践发展永无止境，解放思想永无止境。只有解放思想，才有敢想敢干的智慧勇气，才能激发人民群众的创造伟力。里奥斯认为，“是解放思想，让中国特色社会主义建设向前发展，与时俱进，让中国特色社会主义理论体系不断完善，中国和中国共产党才能对不断变化的时代始终做出正确回应。”</p><p>这是一条顺应民心之路。</p><p>为中国人民谋幸福，为中华民族谋复兴，为人类谋大同，是中国共产党人的初心和使命，也是改革开放的初心和使命。“中国共产党初心不改，正是以人民为中心的执政理念，让中国共产党开启改革开放并带领人民走向富裕。”尼日利亚阿布贾大学政治学副教授谢利夫·易卜拉辛如是说。</p><p>这是一条自我革新之路。</p><p>中国共产党领导是中国特色社会主义最本质的特征，是中国特色社会主义制度的最大优势。“中国改革开放的成功得益于一个坚强、睿智、不断自我革新的领导层，他们充分了解国情和人民需求，始终坚持以经济建设为中心。”从习近平讲话中，阿塞拜疆国家科学院东方研究所拉菲克·阿巴索夫教授得出这样的结论。</p><p>这是一条拥抱世界之路。</p><p>开放带来进步，封闭必然落后，是改革开放40年带给世人的重要启示。“习近平主席传递的开放决心无比重要，他告诉世界，伟大的改革开放还要继续下去，这是推动全球进步的重要决定。”英国剑桥大学教授艾伦·巴雷尔这样认为。</p><p><font color=\"navy\"><strong>开放带来进步</strong></font></p><p>中国的发展离不开世界，世界的繁荣也需要中国。</p><p>40年来，中国从封闭半封闭走到全方位开放，在积极推进经济全球化进程中成长为全球第二大经济体。中国积极推动建设开放型世界经济、构建人类命运共同体，促进全球治理体系变革，旗帜鲜明反对霸权主义和强权政治，为世界和平与发展不断贡献中国智慧、中国方案、中国力量，日益走近世界舞台中央。</p><p>中国发展受益于世界，又以自身发展推动世界和平与发展，改革开放正是中国和世界共同发展进步的非凡历程。</p><p>这是一段建设世界和平的非凡历程。</p><p>历史证明，中国的发展是和平力量的发展。印度中国研究所前所长莫汉蒂说，习近平主席讲话体现了中国在发展经济的同时，始终保持对国际社会的责任感，担当起促进全球和平与发展的使命。德国联邦议院德国-中国小组副主席罗比·施伦德指出，全球化的停滞和不平衡发展带来冲突甚至战争的威胁。中国这个拥有强大经济实力的开拓者，正在为建立和平的地球村作出自己的贡献。</p><p>这是一段推动全球发展的非凡历程。</p><p>从引进来到走出去，从加入世贸组织到共建“一带一路”，中国连续多年对世界经济增长贡献率超过30%，成为世界经济增长的主要稳定器和动力源。拉菲克表示，中国经济的发展在世界上不仅起到火车头作用，而且还是世界经济的重要稳定器。在应对国际金融危机过程中，中国发挥了独特作用。共同社客座评论委员冈田充说，改革开放不仅使中国获得飞跃性发展，也使亚洲成为世界的增长中心。</p><p>这是一段维护国际秩序的非凡历程。</p><p>在当前贸易保护主义和单边主义不断抬头的背景下，中国支持开放、透明、包容、非歧视性的多边贸易体制，促进贸易投资自由化便利化，并积极参与全球治理体系改革和建设。德国联邦议院国防委员会委员格罗尔德·奥滕认为，从支持以联合国为核心的战后国际体系到强调二十国集团等多边平台作用，中国深度融入国际体系并成为国际安全发展的稳定器。</p><p>“前进道路上，我们必须高举和平、发展、合作、共赢的旗帜，恪守维护世界和平、促进共同发展的外交政策宗旨，推动建设相互尊重、公平正义、合作共赢的新型国际关系。”改革开放40年的历史节点上，习近平在讲话中庄重宣示。</p><p><strong><font color=\"navy\">思想启迪未来</font></strong></p><p>在新时代改革开放的重要宣示中，习近平多次提及“人类”“世界”“发展”。这是中国把坚持改革开放与促进世界进步紧密相连的印证。</p><p>中国改革开放40年，是独立自强、勤政善治、稳定发展的生动范例，为世界各国破解道路选择之惑、理论探索之困、国家发展之难，消除和平、发展和治理赤字提供了崭新启示。</p><p>从这次重要宣示中，世界收获了国家自主选择发展道路的宝贵经验。</p><p>中国人民的成功实践昭示世人，通向现代化的道路不止一条，只要找准正确方向、驰而不息，条条大路通罗马。40年的实践充分证明，中国发展为广大发展中国家走向现代化提供了成功经验、展现了光明前景。</p><p>尼日利亚中国研究中心主任查尔斯·奥努纳伊朱说，中国为非洲提供了榜样，非洲可以对照寻找适合自己的发展道路。肯尼亚内罗毕大学国际经济学学者盖里雄·伊基亚拉说，改革开放提供了一种消除贫困、实现经济转型的借鉴模式。</p><p>从这次重要宣示中，世界读到了中国开放包容理念的丰富内涵。</p><p>意大利中国基金会商业研究中心高级研究员菲利波·法苏洛说，改革开放的发展模式以及中国与伙伴国家的互利合作，给世界其他国家树立了榜样。西班牙《对外政策》刊文说，当前世界背景下，理解中国走过的路，有助于政治家们决定下一步怎么走。</p><p>从这次重要宣示中，世界看到了中国顺应历史潮流、与时代同行的大方向。</p><p>俄罗斯人民友谊大学教授尤里·塔夫罗夫斯基在俄《独立报》撰文说，中国改革开放是全世界范围内规模最大的试验。“它显然已经成功，中国人民将跨越历史长河，向着梦想前进。”</p><p>40年栉风沐雨，40年砥砺奋进。新时代，中国改革开放的宣言正在激发广泛而深远的世界回响。（参与记者：范伟国、杨舟、郭求达、郭骏、杨臻、李铭、李洁、孙晓玲、赵旭、任珂）</p><div class=\"lb\"><div class=\"standard_lb\"><span class=\"tj\">图集</span> <span class=\"origin\"></span><div class=\"swiper-container2\" id=\"swiperContainer2\"><div class=\"swiper-wrapper\"> </div><div class=\"swiper-pagination\"></div><div class=\"swiper_arrow arrow_left s_arrow_left\"></div><div class=\"swiper_arrow arrow_right s_arrow_right\"></div><div class=\"swiper-scrollbar\"></div><span class=\"lb-left s_arrow_left\"></span> <span class=\"lb-right s_arrow_right\"></span> </div></div></div><div class=\"zan-wap\"><a href=\"javascript:void(0);\" class=\"zan\"> </a><div class=\"zan-i\">+1</div><div class=\"zan-v\"> <span></span> </div></div><div class=\"p-tags\" id=\"\"><div class=\"p-kwap\" style=\"display: none;\"><a href=\"javascript:void(0);\">世界发展</a><a href=\"javascript:void(0);\">改革开放</a><a href=\"javascript:void(0);\">经济</a></div><span class=\"p-jc\"><span class=\"tiyi1\"><a href=\"javascript:void(0);\" class=\"advise\">【纠错】</a><div class=\"tiyi01\" id=\"advisebox01\" style=\"display:none\"><div><iframe id=\"jc_link1\" style=\"width:600px;height:350px; float:left;\" border=\"0\" name=\"search\" marginwidth=\"0\" framespacing=\"0\" marginheight=\"0\" frameborder=\"0\" noresize=\"\" scrolling=\"no\" vspale=\"0\"></iframe></div><div class=\"tiyi03\"><div id=\"jc_close1\" style=\"cursor:pointer\"><img src=\"http://www.xinhuanet.com/images/syicon/space.gif\" width=\"24\" height=\"24\" border=\"0\"></div>', '2018-12-26 13:02:01', '朝林', '新华社');
INSERT INTO `t_news` VALUES ('12', '述评：中国改革开放宣言的世界回响', '副标题述评：中国改革开放宣言的世界回响', '<div style=\"text-align: center;\"><iframe src=\" \" class=\"video-frame\" style=\"display: none;\"></iframe></div><p>新华社北京12月25日电　<strong><font color=\"navy\">述评：中国改革开放宣言的世界回响</font></strong></p><p>新华社记者</p><p>改革开放40年，深刻改变了中国，深刻影响了世界。这段中国人民创造人类发展史奇迹的伟大历程，也必将载入世界史册。</p><p>中共中央总书记、国家主席、中央军委主席习近平在庆祝改革开放40周年大会上发表重要讲话，面向世界发出新时代改革开放的郑重宣言。</p><p>连日来，国际社会热议讲话，世界从中读到了中国坚持改革开放道路的坚定决心，读到了中国进一步开放合作的满满诚意，读到了对发展道路选择的有益启示。</p><p><font color=\"navy\"><strong>道路决定命运</strong></font></p><p>方向决定前途，道路决定命运。走对路，才有出路；路走得对不对，实践是最好的裁判、最硬的标准。</p><p>40年来，中国经济增长之快、延续时间之长，民生水平提升之大，前所未有；40年来，从生产力到生产关系、从经济基础到上层建筑，现代国家治理体系建设全方位推进……“没有其他任何一种道路比改革开放更能让中国走向现代化。”西班牙中国政策观察中心主任胡里奥·里奥斯在研读习近平讲话后发出感叹。</p><p>“这的确是一段波澜壮阔的过程，改革开放之路极大改变了中国面貌。”泰国前副总理披尼·扎禄颂巴赞叹道。</p><p>唯有志不改，道不变，中国才能牢牢掌握自己的命运。习近平在讲话中强调，必须坚持走中国特色社会主义道路，不断坚持和发展中国特色社会主义。</p><p>这是一条思想解放之路。</p><p>实践发展永无止境，解放思想永无止境。只有解放思想，才有敢想敢干的智慧勇气，才能激发人民群众的创造伟力。里奥斯认为，“是解放思想，让中国特色社会主义建设向前发展，与时俱进，让中国特色社会主义理论体系不断完善，中国和中国共产党才能对不断变化的时代始终做出正确回应。”</p><p>这是一条顺应民心之路。</p><p>为中国人民谋幸福，为中华民族谋复兴，为人类谋大同，是中国共产党人的初心和使命，也是改革开放的初心和使命。“中国共产党初心不改，正是以人民为中心的执政理念，让中国共产党开启改革开放并带领人民走向富裕。”尼日利亚阿布贾大学政治学副教授谢利夫·易卜拉辛如是说。</p><p>这是一条自我革新之路。</p><p>中国共产党领导是中国特色社会主义最本质的特征，是中国特色社会主义制度的最大优势。“中国改革开放的成功得益于一个坚强、睿智、不断自我革新的领导层，他们充分了解国情和人民需求，始终坚持以经济建设为中心。”从习近平讲话中，阿塞拜疆国家科学院东方研究所拉菲克·阿巴索夫教授得出这样的结论。</p><p>这是一条拥抱世界之路。</p><p>开放带来进步，封闭必然落后，是改革开放40年带给世人的重要启示。“习近平主席传递的开放决心无比重要，他告诉世界，伟大的改革开放还要继续下去，这是推动全球进步的重要决定。”英国剑桥大学教授艾伦·巴雷尔这样认为。</p><p><font color=\"navy\"><strong>开放带来进步</strong></font></p><p>中国的发展离不开世界，世界的繁荣也需要中国。</p><p>40年来，中国从封闭半封闭走到全方位开放，在积极推进经济全球化进程中成长为全球第二大经济体。中国积极推动建设开放型世界经济、构建人类命运共同体，促进全球治理体系变革，旗帜鲜明反对霸权主义和强权政治，为世界和平与发展不断贡献中国智慧、中国方案、中国力量，日益走近世界舞台中央。</p><p>中国发展受益于世界，又以自身发展推动世界和平与发展，改革开放正是中国和世界共同发展进步的非凡历程。</p><p>这是一段建设世界和平的非凡历程。</p><p>历史证明，中国的发展是和平力量的发展。印度中国研究所前所长莫汉蒂说，习近平主席讲话体现了中国在发展经济的同时，始终保持对国际社会的责任感，担当起促进全球和平与发展的使命。德国联邦议院德国-中国小组副主席罗比·施伦德指出，全球化的停滞和不平衡发展带来冲突甚至战争的威胁。中国这个拥有强大经济实力的开拓者，正在为建立和平的地球村作出自己的贡献。</p><p>这是一段推动全球发展的非凡历程。</p><p>从引进来到走出去，从加入世贸组织到共建“一带一路”，中国连续多年对世界经济增长贡献率超过30%，成为世界经济增长的主要稳定器和动力源。拉菲克表示，中国经济的发展在世界上不仅起到火车头作用，而且还是世界经济的重要稳定器。在应对国际金融危机过程中，中国发挥了独特作用。共同社客座评论委员冈田充说，改革开放不仅使中国获得飞跃性发展，也使亚洲成为世界的增长中心。</p><p>这是一段维护国际秩序的非凡历程。</p><p>在当前贸易保护主义和单边主义不断抬头的背景下，中国支持开放、透明、包容、非歧视性的多边贸易体制，促进贸易投资自由化便利化，并积极参与全球治理体系改革和建设。德国联邦议院国防委员会委员格罗尔德·奥滕认为，从支持以联合国为核心的战后国际体系到强调二十国集团等多边平台作用，中国深度融入国际体系并成为国际安全发展的稳定器。</p><p>“前进道路上，我们必须高举和平、发展、合作、共赢的旗帜，恪守维护世界和平、促进共同发展的外交政策宗旨，推动建设相互尊重、公平正义、合作共赢的新型国际关系。”改革开放40年的历史节点上，习近平在讲话中庄重宣示。</p><p><strong><font color=\"navy\">思想启迪未来</font></strong></p><p>在新时代改革开放的重要宣示中，习近平多次提及“人类”“世界”“发展”。这是中国把坚持改革开放与促进世界进步紧密相连的印证。</p><p>中国改革开放40年，是独立自强、勤政善治、稳定发展的生动范例，为世界各国破解道路选择之惑、理论探索之困、国家发展之难，消除和平、发展和治理赤字提供了崭新启示。</p><p>从这次重要宣示中，世界收获了国家自主选择发展道路的宝贵经验。</p><p>中国人民的成功实践昭示世人，通向现代化的道路不止一条，只要找准正确方向、驰而不息，条条大路通罗马。40年的实践充分证明，中国发展为广大发展中国家走向现代化提供了成功经验、展现了光明前景。</p><p>尼日利亚中国研究中心主任查尔斯·奥努纳伊朱说，中国为非洲提供了榜样，非洲可以对照寻找适合自己的发展道路。肯尼亚内罗毕大学国际经济学学者盖里雄·伊基亚拉说，改革开放提供了一种消除贫困、实现经济转型的借鉴模式。</p><p>从这次重要宣示中，世界读到了中国开放包容理念的丰富内涵。</p><p>意大利中国基金会商业研究中心高级研究员菲利波·法苏洛说，改革开放的发展模式以及中国与伙伴国家的互利合作，给世界其他国家树立了榜样。西班牙《对外政策》刊文说，当前世界背景下，理解中国走过的路，有助于政治家们决定下一步怎么走。</p><p>从这次重要宣示中，世界看到了中国顺应历史潮流、与时代同行的大方向。</p><p>俄罗斯人民友谊大学教授尤里·塔夫罗夫斯基在俄《独立报》撰文说，中国改革开放是全世界范围内规模最大的试验。“它显然已经成功，中国人民将跨越历史长河，向着梦想前进。”</p><p>40年栉风沐雨，40年砥砺奋进。新时代，中国改革开放的宣言正在激发广泛而深远的世界回响。（参与记者：范伟国、杨舟、郭求达、郭骏、杨臻、李铭、李洁、孙晓玲、赵旭、任珂）</p><div class=\"lb\"><div class=\"standard_lb\"><span class=\"tj\">图集</span> <span class=\"origin\"></span><div class=\"swiper-container2\" id=\"swiperContainer2\"><div class=\"swiper-wrapper\"> </div><div class=\"swiper-pagination\"></div><div class=\"swiper_arrow arrow_left s_arrow_left\"></div><div class=\"swiper_arrow arrow_right s_arrow_right\"></div><div class=\"swiper-scrollbar\"></div><span class=\"lb-left s_arrow_left\"></span> <span class=\"lb-right s_arrow_right\"></span> </div></div></div><div class=\"zan-wap\"><a href=\"javascript:void(0);\" class=\"zan\"> </a><div class=\"zan-i\">+1</div><div class=\"zan-v\"> <span></span> </div></div><div class=\"p-tags\" id=\"\"><div class=\"p-kwap\" style=\"display: none;\"><a href=\"javascript:void(0);\">世界发展</a><a href=\"javascript:void(0);\">改革开放</a><a href=\"javascript:void(0);\">经济</a></div><span class=\"p-jc\"><span class=\"tiyi1\"><a href=\"javascript:void(0);\" class=\"advise\">【纠错】</a><div class=\"tiyi01\" id=\"advisebox01\" style=\"display:none\"><div><iframe id=\"jc_link1\" style=\"width:600px;height:350px; float:left;\" border=\"0\" name=\"search\" marginwidth=\"0\" framespacing=\"0\" marginheight=\"0\" frameborder=\"0\" noresize=\"\" scrolling=\"no\" vspale=\"0\"></iframe></div><div class=\"tiyi03\"><div id=\"jc_close1\" style=\"cursor:pointer\"><img src=\"http://www.xinhuanet.com/images/syicon/space.gif\" width=\"24\" height=\"24\" border=\"0\"></div>', '2018-12-26 13:02:01', '朝林', '新华社');
INSERT INTO `t_news` VALUES ('13', '述评：中国改革开放宣言的世界回响', '副标题述评：中国改革开放宣言的世界回响', '<div style=\"text-align: center;\"><iframe src=\" \" class=\"video-frame\" style=\"display: none;\"></iframe></div><p>新华社北京12月25日电　<strong><font color=\"navy\">述评：中国改革开放宣言的世界回响</font></strong></p><p>新华社记者</p><p>改革开放40年，深刻改变了中国，深刻影响了世界。这段中国人民创造人类发展史奇迹的伟大历程，也必将载入世界史册。</p><p>中共中央总书记、国家主席、中央军委主席习近平在庆祝改革开放40周年大会上发表重要讲话，面向世界发出新时代改革开放的郑重宣言。</p><p>连日来，国际社会热议讲话，世界从中读到了中国坚持改革开放道路的坚定决心，读到了中国进一步开放合作的满满诚意，读到了对发展道路选择的有益启示。</p><p><font color=\"navy\"><strong>道路决定命运</strong></font></p><p>方向决定前途，道路决定命运。走对路，才有出路；路走得对不对，实践是最好的裁判、最硬的标准。</p><p>40年来，中国经济增长之快、延续时间之长，民生水平提升之大，前所未有；40年来，从生产力到生产关系、从经济基础到上层建筑，现代国家治理体系建设全方位推进……“没有其他任何一种道路比改革开放更能让中国走向现代化。”西班牙中国政策观察中心主任胡里奥·里奥斯在研读习近平讲话后发出感叹。</p><p>“这的确是一段波澜壮阔的过程，改革开放之路极大改变了中国面貌。”泰国前副总理披尼·扎禄颂巴赞叹道。</p><p>唯有志不改，道不变，中国才能牢牢掌握自己的命运。习近平在讲话中强调，必须坚持走中国特色社会主义道路，不断坚持和发展中国特色社会主义。</p><p>这是一条思想解放之路。</p><p>实践发展永无止境，解放思想永无止境。只有解放思想，才有敢想敢干的智慧勇气，才能激发人民群众的创造伟力。里奥斯认为，“是解放思想，让中国特色社会主义建设向前发展，与时俱进，让中国特色社会主义理论体系不断完善，中国和中国共产党才能对不断变化的时代始终做出正确回应。”</p><p>这是一条顺应民心之路。</p><p>为中国人民谋幸福，为中华民族谋复兴，为人类谋大同，是中国共产党人的初心和使命，也是改革开放的初心和使命。“中国共产党初心不改，正是以人民为中心的执政理念，让中国共产党开启改革开放并带领人民走向富裕。”尼日利亚阿布贾大学政治学副教授谢利夫·易卜拉辛如是说。</p><p>这是一条自我革新之路。</p><p>中国共产党领导是中国特色社会主义最本质的特征，是中国特色社会主义制度的最大优势。“中国改革开放的成功得益于一个坚强、睿智、不断自我革新的领导层，他们充分了解国情和人民需求，始终坚持以经济建设为中心。”从习近平讲话中，阿塞拜疆国家科学院东方研究所拉菲克·阿巴索夫教授得出这样的结论。</p><p>这是一条拥抱世界之路。</p><p>开放带来进步，封闭必然落后，是改革开放40年带给世人的重要启示。“习近平主席传递的开放决心无比重要，他告诉世界，伟大的改革开放还要继续下去，这是推动全球进步的重要决定。”英国剑桥大学教授艾伦·巴雷尔这样认为。</p><p><font color=\"navy\"><strong>开放带来进步</strong></font></p><p>中国的发展离不开世界，世界的繁荣也需要中国。</p><p>40年来，中国从封闭半封闭走到全方位开放，在积极推进经济全球化进程中成长为全球第二大经济体。中国积极推动建设开放型世界经济、构建人类命运共同体，促进全球治理体系变革，旗帜鲜明反对霸权主义和强权政治，为世界和平与发展不断贡献中国智慧、中国方案、中国力量，日益走近世界舞台中央。</p><p>中国发展受益于世界，又以自身发展推动世界和平与发展，改革开放正是中国和世界共同发展进步的非凡历程。</p><p>这是一段建设世界和平的非凡历程。</p><p>历史证明，中国的发展是和平力量的发展。印度中国研究所前所长莫汉蒂说，习近平主席讲话体现了中国在发展经济的同时，始终保持对国际社会的责任感，担当起促进全球和平与发展的使命。德国联邦议院德国-中国小组副主席罗比·施伦德指出，全球化的停滞和不平衡发展带来冲突甚至战争的威胁。中国这个拥有强大经济实力的开拓者，正在为建立和平的地球村作出自己的贡献。</p><p>这是一段推动全球发展的非凡历程。</p><p>从引进来到走出去，从加入世贸组织到共建“一带一路”，中国连续多年对世界经济增长贡献率超过30%，成为世界经济增长的主要稳定器和动力源。拉菲克表示，中国经济的发展在世界上不仅起到火车头作用，而且还是世界经济的重要稳定器。在应对国际金融危机过程中，中国发挥了独特作用。共同社客座评论委员冈田充说，改革开放不仅使中国获得飞跃性发展，也使亚洲成为世界的增长中心。</p><p>这是一段维护国际秩序的非凡历程。</p><p>在当前贸易保护主义和单边主义不断抬头的背景下，中国支持开放、透明、包容、非歧视性的多边贸易体制，促进贸易投资自由化便利化，并积极参与全球治理体系改革和建设。德国联邦议院国防委员会委员格罗尔德·奥滕认为，从支持以联合国为核心的战后国际体系到强调二十国集团等多边平台作用，中国深度融入国际体系并成为国际安全发展的稳定器。</p><p>“前进道路上，我们必须高举和平、发展、合作、共赢的旗帜，恪守维护世界和平、促进共同发展的外交政策宗旨，推动建设相互尊重、公平正义、合作共赢的新型国际关系。”改革开放40年的历史节点上，习近平在讲话中庄重宣示。</p><p><strong><font color=\"navy\">思想启迪未来</font></strong></p><p>在新时代改革开放的重要宣示中，习近平多次提及“人类”“世界”“发展”。这是中国把坚持改革开放与促进世界进步紧密相连的印证。</p><p>中国改革开放40年，是独立自强、勤政善治、稳定发展的生动范例，为世界各国破解道路选择之惑、理论探索之困、国家发展之难，消除和平、发展和治理赤字提供了崭新启示。</p><p>从这次重要宣示中，世界收获了国家自主选择发展道路的宝贵经验。</p><p>中国人民的成功实践昭示世人，通向现代化的道路不止一条，只要找准正确方向、驰而不息，条条大路通罗马。40年的实践充分证明，中国发展为广大发展中国家走向现代化提供了成功经验、展现了光明前景。</p><p>尼日利亚中国研究中心主任查尔斯·奥努纳伊朱说，中国为非洲提供了榜样，非洲可以对照寻找适合自己的发展道路。肯尼亚内罗毕大学国际经济学学者盖里雄·伊基亚拉说，改革开放提供了一种消除贫困、实现经济转型的借鉴模式。</p><p>从这次重要宣示中，世界读到了中国开放包容理念的丰富内涵。</p><p>意大利中国基金会商业研究中心高级研究员菲利波·法苏洛说，改革开放的发展模式以及中国与伙伴国家的互利合作，给世界其他国家树立了榜样。西班牙《对外政策》刊文说，当前世界背景下，理解中国走过的路，有助于政治家们决定下一步怎么走。</p><p>从这次重要宣示中，世界看到了中国顺应历史潮流、与时代同行的大方向。</p><p>俄罗斯人民友谊大学教授尤里·塔夫罗夫斯基在俄《独立报》撰文说，中国改革开放是全世界范围内规模最大的试验。“它显然已经成功，中国人民将跨越历史长河，向着梦想前进。”</p><p>40年栉风沐雨，40年砥砺奋进。新时代，中国改革开放的宣言正在激发广泛而深远的世界回响。（参与记者：范伟国、杨舟、郭求达、郭骏、杨臻、李铭、李洁、孙晓玲、赵旭、任珂）</p><div class=\"lb\"><div class=\"standard_lb\"><span class=\"tj\">图集</span> <span class=\"origin\"></span><div class=\"swiper-container2\" id=\"swiperContainer2\"><div class=\"swiper-wrapper\"> </div><div class=\"swiper-pagination\"></div><div class=\"swiper_arrow arrow_left s_arrow_left\"></div><div class=\"swiper_arrow arrow_right s_arrow_right\"></div><div class=\"swiper-scrollbar\"></div><span class=\"lb-left s_arrow_left\"></span> <span class=\"lb-right s_arrow_right\"></span> </div></div></div><div class=\"zan-wap\"><a href=\"javascript:void(0);\" class=\"zan\"> </a><div class=\"zan-i\">+1</div><div class=\"zan-v\"> <span></span> </div></div><div class=\"p-tags\" id=\"\"><div class=\"p-kwap\" style=\"display: none;\"><a href=\"javascript:void(0);\">世界发展</a><a href=\"javascript:void(0);\">改革开放</a><a href=\"javascript:void(0);\">经济</a></div><span class=\"p-jc\"><span class=\"tiyi1\"><a href=\"javascript:void(0);\" class=\"advise\">【纠错】</a><div class=\"tiyi01\" id=\"advisebox01\" style=\"display:none\"><div><iframe id=\"jc_link1\" style=\"width:600px;height:350px; float:left;\" border=\"0\" name=\"search\" marginwidth=\"0\" framespacing=\"0\" marginheight=\"0\" frameborder=\"0\" noresize=\"\" scrolling=\"no\" vspale=\"0\"></iframe></div><div class=\"tiyi03\"><div id=\"jc_close1\" style=\"cursor:pointer\"><img src=\"http://www.xinhuanet.com/images/syicon/space.gif\" width=\"24\" height=\"24\" border=\"0\"></div>', '2018-12-26 13:02:01', '朝林', '新华社');
INSERT INTO `t_news` VALUES ('14', '述评：中国改革开放宣言的世界回响', '副标题述评：中国改革开放宣言的世界回响', '<div style=\"text-align: center;\"><iframe src=\" \" class=\"video-frame\" style=\"display: none;\"></iframe></div><p>新华社北京12月25日电　<strong><font color=\"navy\">述评：中国改革开放宣言的世界回响</font></strong></p><p>新华社记者</p><p>改革开放40年，深刻改变了中国，深刻影响了世界。这段中国人民创造人类发展史奇迹的伟大历程，也必将载入世界史册。</p><p>中共中央总书记、国家主席、中央军委主席习近平在庆祝改革开放40周年大会上发表重要讲话，面向世界发出新时代改革开放的郑重宣言。</p><p>连日来，国际社会热议讲话，世界从中读到了中国坚持改革开放道路的坚定决心，读到了中国进一步开放合作的满满诚意，读到了对发展道路选择的有益启示。</p><p><font color=\"navy\"><strong>道路决定命运</strong></font></p><p>方向决定前途，道路决定命运。走对路，才有出路；路走得对不对，实践是最好的裁判、最硬的标准。</p><p>40年来，中国经济增长之快、延续时间之长，民生水平提升之大，前所未有；40年来，从生产力到生产关系、从经济基础到上层建筑，现代国家治理体系建设全方位推进……“没有其他任何一种道路比改革开放更能让中国走向现代化。”西班牙中国政策观察中心主任胡里奥·里奥斯在研读习近平讲话后发出感叹。</p><p>“这的确是一段波澜壮阔的过程，改革开放之路极大改变了中国面貌。”泰国前副总理披尼·扎禄颂巴赞叹道。</p><p>唯有志不改，道不变，中国才能牢牢掌握自己的命运。习近平在讲话中强调，必须坚持走中国特色社会主义道路，不断坚持和发展中国特色社会主义。</p><p>这是一条思想解放之路。</p><p>实践发展永无止境，解放思想永无止境。只有解放思想，才有敢想敢干的智慧勇气，才能激发人民群众的创造伟力。里奥斯认为，“是解放思想，让中国特色社会主义建设向前发展，与时俱进，让中国特色社会主义理论体系不断完善，中国和中国共产党才能对不断变化的时代始终做出正确回应。”</p><p>这是一条顺应民心之路。</p><p>为中国人民谋幸福，为中华民族谋复兴，为人类谋大同，是中国共产党人的初心和使命，也是改革开放的初心和使命。“中国共产党初心不改，正是以人民为中心的执政理念，让中国共产党开启改革开放并带领人民走向富裕。”尼日利亚阿布贾大学政治学副教授谢利夫·易卜拉辛如是说。</p><p>这是一条自我革新之路。</p><p>中国共产党领导是中国特色社会主义最本质的特征，是中国特色社会主义制度的最大优势。“中国改革开放的成功得益于一个坚强、睿智、不断自我革新的领导层，他们充分了解国情和人民需求，始终坚持以经济建设为中心。”从习近平讲话中，阿塞拜疆国家科学院东方研究所拉菲克·阿巴索夫教授得出这样的结论。</p><p>这是一条拥抱世界之路。</p><p>开放带来进步，封闭必然落后，是改革开放40年带给世人的重要启示。“习近平主席传递的开放决心无比重要，他告诉世界，伟大的改革开放还要继续下去，这是推动全球进步的重要决定。”英国剑桥大学教授艾伦·巴雷尔这样认为。</p><p><font color=\"navy\"><strong>开放带来进步</strong></font></p><p>中国的发展离不开世界，世界的繁荣也需要中国。</p><p>40年来，中国从封闭半封闭走到全方位开放，在积极推进经济全球化进程中成长为全球第二大经济体。中国积极推动建设开放型世界经济、构建人类命运共同体，促进全球治理体系变革，旗帜鲜明反对霸权主义和强权政治，为世界和平与发展不断贡献中国智慧、中国方案、中国力量，日益走近世界舞台中央。</p><p>中国发展受益于世界，又以自身发展推动世界和平与发展，改革开放正是中国和世界共同发展进步的非凡历程。</p><p>这是一段建设世界和平的非凡历程。</p><p>历史证明，中国的发展是和平力量的发展。印度中国研究所前所长莫汉蒂说，习近平主席讲话体现了中国在发展经济的同时，始终保持对国际社会的责任感，担当起促进全球和平与发展的使命。德国联邦议院德国-中国小组副主席罗比·施伦德指出，全球化的停滞和不平衡发展带来冲突甚至战争的威胁。中国这个拥有强大经济实力的开拓者，正在为建立和平的地球村作出自己的贡献。</p><p>这是一段推动全球发展的非凡历程。</p><p>从引进来到走出去，从加入世贸组织到共建“一带一路”，中国连续多年对世界经济增长贡献率超过30%，成为世界经济增长的主要稳定器和动力源。拉菲克表示，中国经济的发展在世界上不仅起到火车头作用，而且还是世界经济的重要稳定器。在应对国际金融危机过程中，中国发挥了独特作用。共同社客座评论委员冈田充说，改革开放不仅使中国获得飞跃性发展，也使亚洲成为世界的增长中心。</p><p>这是一段维护国际秩序的非凡历程。</p><p>在当前贸易保护主义和单边主义不断抬头的背景下，中国支持开放、透明、包容、非歧视性的多边贸易体制，促进贸易投资自由化便利化，并积极参与全球治理体系改革和建设。德国联邦议院国防委员会委员格罗尔德·奥滕认为，从支持以联合国为核心的战后国际体系到强调二十国集团等多边平台作用，中国深度融入国际体系并成为国际安全发展的稳定器。</p><p>“前进道路上，我们必须高举和平、发展、合作、共赢的旗帜，恪守维护世界和平、促进共同发展的外交政策宗旨，推动建设相互尊重、公平正义、合作共赢的新型国际关系。”改革开放40年的历史节点上，习近平在讲话中庄重宣示。</p><p><strong><font color=\"navy\">思想启迪未来</font></strong></p><p>在新时代改革开放的重要宣示中，习近平多次提及“人类”“世界”“发展”。这是中国把坚持改革开放与促进世界进步紧密相连的印证。</p><p>中国改革开放40年，是独立自强、勤政善治、稳定发展的生动范例，为世界各国破解道路选择之惑、理论探索之困、国家发展之难，消除和平、发展和治理赤字提供了崭新启示。</p><p>从这次重要宣示中，世界收获了国家自主选择发展道路的宝贵经验。</p><p>中国人民的成功实践昭示世人，通向现代化的道路不止一条，只要找准正确方向、驰而不息，条条大路通罗马。40年的实践充分证明，中国发展为广大发展中国家走向现代化提供了成功经验、展现了光明前景。</p><p>尼日利亚中国研究中心主任查尔斯·奥努纳伊朱说，中国为非洲提供了榜样，非洲可以对照寻找适合自己的发展道路。肯尼亚内罗毕大学国际经济学学者盖里雄·伊基亚拉说，改革开放提供了一种消除贫困、实现经济转型的借鉴模式。</p><p>从这次重要宣示中，世界读到了中国开放包容理念的丰富内涵。</p><p>意大利中国基金会商业研究中心高级研究员菲利波·法苏洛说，改革开放的发展模式以及中国与伙伴国家的互利合作，给世界其他国家树立了榜样。西班牙《对外政策》刊文说，当前世界背景下，理解中国走过的路，有助于政治家们决定下一步怎么走。</p><p>从这次重要宣示中，世界看到了中国顺应历史潮流、与时代同行的大方向。</p><p>俄罗斯人民友谊大学教授尤里·塔夫罗夫斯基在俄《独立报》撰文说，中国改革开放是全世界范围内规模最大的试验。“它显然已经成功，中国人民将跨越历史长河，向着梦想前进。”</p><p>40年栉风沐雨，40年砥砺奋进。新时代，中国改革开放的宣言正在激发广泛而深远的世界回响。（参与记者：范伟国、杨舟、郭求达、郭骏、杨臻、李铭、李洁、孙晓玲、赵旭、任珂）</p><div class=\"lb\"><div class=\"standard_lb\"><span class=\"tj\">图集</span> <span class=\"origin\"></span><div class=\"swiper-container2\" id=\"swiperContainer2\"><div class=\"swiper-wrapper\"> </div><div class=\"swiper-pagination\"></div><div class=\"swiper_arrow arrow_left s_arrow_left\"></div><div class=\"swiper_arrow arrow_right s_arrow_right\"></div><div class=\"swiper-scrollbar\"></div><span class=\"lb-left s_arrow_left\"></span> <span class=\"lb-right s_arrow_right\"></span> </div></div></div><div class=\"zan-wap\"><a href=\"javascript:void(0);\" class=\"zan\"> </a><div class=\"zan-i\">+1</div><div class=\"zan-v\"> <span></span> </div></div><div class=\"p-tags\" id=\"\"><div class=\"p-kwap\" style=\"display: none;\"><a href=\"javascript:void(0);\">世界发展</a><a href=\"javascript:void(0);\">改革开放</a><a href=\"javascript:void(0);\">经济</a></div><span class=\"p-jc\"><span class=\"tiyi1\"><a href=\"javascript:void(0);\" class=\"advise\">【纠错】</a><div class=\"tiyi01\" id=\"advisebox01\" style=\"display:none\"><div><iframe id=\"jc_link1\" style=\"width:600px;height:350px; float:left;\" border=\"0\" name=\"search\" marginwidth=\"0\" framespacing=\"0\" marginheight=\"0\" frameborder=\"0\" noresize=\"\" scrolling=\"no\" vspale=\"0\"></iframe></div><div class=\"tiyi03\"><div id=\"jc_close1\" style=\"cursor:pointer\"><img src=\"http://www.xinhuanet.com/images/syicon/space.gif\" width=\"24\" height=\"24\" border=\"0\"></div>', '2018-12-26 13:02:01', '朝林', '新华社');
INSERT INTO `t_news` VALUES ('15', '述评：中国改革开放宣言的世界回响', '副标题述评：中国改革开放宣言的世界回响', '<div style=\"text-align: center;\"><iframe src=\" \" class=\"video-frame\" style=\"display: none;\"></iframe></div><p>新华社北京12月25日电　<strong><font color=\"navy\">述评：中国改革开放宣言的世界回响</font></strong></p><p>新华社记者</p><p>改革开放40年，深刻改变了中国，深刻影响了世界。这段中国人民创造人类发展史奇迹的伟大历程，也必将载入世界史册。</p><p>中共中央总书记、国家主席、中央军委主席习近平在庆祝改革开放40周年大会上发表重要讲话，面向世界发出新时代改革开放的郑重宣言。</p><p>连日来，国际社会热议讲话，世界从中读到了中国坚持改革开放道路的坚定决心，读到了中国进一步开放合作的满满诚意，读到了对发展道路选择的有益启示。</p><p><font color=\"navy\"><strong>道路决定命运</strong></font></p><p>方向决定前途，道路决定命运。走对路，才有出路；路走得对不对，实践是最好的裁判、最硬的标准。</p><p>40年来，中国经济增长之快、延续时间之长，民生水平提升之大，前所未有；40年来，从生产力到生产关系、从经济基础到上层建筑，现代国家治理体系建设全方位推进……“没有其他任何一种道路比改革开放更能让中国走向现代化。”西班牙中国政策观察中心主任胡里奥·里奥斯在研读习近平讲话后发出感叹。</p><p>“这的确是一段波澜壮阔的过程，改革开放之路极大改变了中国面貌。”泰国前副总理披尼·扎禄颂巴赞叹道。</p><p>唯有志不改，道不变，中国才能牢牢掌握自己的命运。习近平在讲话中强调，必须坚持走中国特色社会主义道路，不断坚持和发展中国特色社会主义。</p><p>这是一条思想解放之路。</p><p>实践发展永无止境，解放思想永无止境。只有解放思想，才有敢想敢干的智慧勇气，才能激发人民群众的创造伟力。里奥斯认为，“是解放思想，让中国特色社会主义建设向前发展，与时俱进，让中国特色社会主义理论体系不断完善，中国和中国共产党才能对不断变化的时代始终做出正确回应。”</p><p>这是一条顺应民心之路。</p><p>为中国人民谋幸福，为中华民族谋复兴，为人类谋大同，是中国共产党人的初心和使命，也是改革开放的初心和使命。“中国共产党初心不改，正是以人民为中心的执政理念，让中国共产党开启改革开放并带领人民走向富裕。”尼日利亚阿布贾大学政治学副教授谢利夫·易卜拉辛如是说。</p><p>这是一条自我革新之路。</p><p>中国共产党领导是中国特色社会主义最本质的特征，是中国特色社会主义制度的最大优势。“中国改革开放的成功得益于一个坚强、睿智、不断自我革新的领导层，他们充分了解国情和人民需求，始终坚持以经济建设为中心。”从习近平讲话中，阿塞拜疆国家科学院东方研究所拉菲克·阿巴索夫教授得出这样的结论。</p><p>这是一条拥抱世界之路。</p><p>开放带来进步，封闭必然落后，是改革开放40年带给世人的重要启示。“习近平主席传递的开放决心无比重要，他告诉世界，伟大的改革开放还要继续下去，这是推动全球进步的重要决定。”英国剑桥大学教授艾伦·巴雷尔这样认为。</p><p><font color=\"navy\"><strong>开放带来进步</strong></font></p><p>中国的发展离不开世界，世界的繁荣也需要中国。</p><p>40年来，中国从封闭半封闭走到全方位开放，在积极推进经济全球化进程中成长为全球第二大经济体。中国积极推动建设开放型世界经济、构建人类命运共同体，促进全球治理体系变革，旗帜鲜明反对霸权主义和强权政治，为世界和平与发展不断贡献中国智慧、中国方案、中国力量，日益走近世界舞台中央。</p><p>中国发展受益于世界，又以自身发展推动世界和平与发展，改革开放正是中国和世界共同发展进步的非凡历程。</p><p>这是一段建设世界和平的非凡历程。</p><p>历史证明，中国的发展是和平力量的发展。印度中国研究所前所长莫汉蒂说，习近平主席讲话体现了中国在发展经济的同时，始终保持对国际社会的责任感，担当起促进全球和平与发展的使命。德国联邦议院德国-中国小组副主席罗比·施伦德指出，全球化的停滞和不平衡发展带来冲突甚至战争的威胁。中国这个拥有强大经济实力的开拓者，正在为建立和平的地球村作出自己的贡献。</p><p>这是一段推动全球发展的非凡历程。</p><p>从引进来到走出去，从加入世贸组织到共建“一带一路”，中国连续多年对世界经济增长贡献率超过30%，成为世界经济增长的主要稳定器和动力源。拉菲克表示，中国经济的发展在世界上不仅起到火车头作用，而且还是世界经济的重要稳定器。在应对国际金融危机过程中，中国发挥了独特作用。共同社客座评论委员冈田充说，改革开放不仅使中国获得飞跃性发展，也使亚洲成为世界的增长中心。</p><p>这是一段维护国际秩序的非凡历程。</p><p>在当前贸易保护主义和单边主义不断抬头的背景下，中国支持开放、透明、包容、非歧视性的多边贸易体制，促进贸易投资自由化便利化，并积极参与全球治理体系改革和建设。德国联邦议院国防委员会委员格罗尔德·奥滕认为，从支持以联合国为核心的战后国际体系到强调二十国集团等多边平台作用，中国深度融入国际体系并成为国际安全发展的稳定器。</p><p>“前进道路上，我们必须高举和平、发展、合作、共赢的旗帜，恪守维护世界和平、促进共同发展的外交政策宗旨，推动建设相互尊重、公平正义、合作共赢的新型国际关系。”改革开放40年的历史节点上，习近平在讲话中庄重宣示。</p><p><strong><font color=\"navy\">思想启迪未来</font></strong></p><p>在新时代改革开放的重要宣示中，习近平多次提及“人类”“世界”“发展”。这是中国把坚持改革开放与促进世界进步紧密相连的印证。</p><p>中国改革开放40年，是独立自强、勤政善治、稳定发展的生动范例，为世界各国破解道路选择之惑、理论探索之困、国家发展之难，消除和平、发展和治理赤字提供了崭新启示。</p><p>从这次重要宣示中，世界收获了国家自主选择发展道路的宝贵经验。</p><p>中国人民的成功实践昭示世人，通向现代化的道路不止一条，只要找准正确方向、驰而不息，条条大路通罗马。40年的实践充分证明，中国发展为广大发展中国家走向现代化提供了成功经验、展现了光明前景。</p><p>尼日利亚中国研究中心主任查尔斯·奥努纳伊朱说，中国为非洲提供了榜样，非洲可以对照寻找适合自己的发展道路。肯尼亚内罗毕大学国际经济学学者盖里雄·伊基亚拉说，改革开放提供了一种消除贫困、实现经济转型的借鉴模式。</p><p>从这次重要宣示中，世界读到了中国开放包容理念的丰富内涵。</p><p>意大利中国基金会商业研究中心高级研究员菲利波·法苏洛说，改革开放的发展模式以及中国与伙伴国家的互利合作，给世界其他国家树立了榜样。西班牙《对外政策》刊文说，当前世界背景下，理解中国走过的路，有助于政治家们决定下一步怎么走。</p><p>从这次重要宣示中，世界看到了中国顺应历史潮流、与时代同行的大方向。</p><p>俄罗斯人民友谊大学教授尤里·塔夫罗夫斯基在俄《独立报》撰文说，中国改革开放是全世界范围内规模最大的试验。“它显然已经成功，中国人民将跨越历史长河，向着梦想前进。”</p><p>40年栉风沐雨，40年砥砺奋进。新时代，中国改革开放的宣言正在激发广泛而深远的世界回响。（参与记者：范伟国、杨舟、郭求达、郭骏、杨臻、李铭、李洁、孙晓玲、赵旭、任珂）</p><div class=\"lb\"><div class=\"standard_lb\"><span class=\"tj\">图集</span> <span class=\"origin\"></span><div class=\"swiper-container2\" id=\"swiperContainer2\"><div class=\"swiper-wrapper\"> </div><div class=\"swiper-pagination\"></div><div class=\"swiper_arrow arrow_left s_arrow_left\"></div><div class=\"swiper_arrow arrow_right s_arrow_right\"></div><div class=\"swiper-scrollbar\"></div><span class=\"lb-left s_arrow_left\"></span> <span class=\"lb-right s_arrow_right\"></span> </div></div></div><div class=\"zan-wap\"><a href=\"javascript:void(0);\" class=\"zan\"> </a><div class=\"zan-i\">+1</div><div class=\"zan-v\"> <span></span> </div></div><div class=\"p-tags\" id=\"\"><div class=\"p-kwap\" style=\"display: none;\"><a href=\"javascript:void(0);\">世界发展</a><a href=\"javascript:void(0);\">改革开放</a><a href=\"javascript:void(0);\">经济</a></div><span class=\"p-jc\"><span class=\"tiyi1\"><a href=\"javascript:void(0);\" class=\"advise\">【纠错】</a><div class=\"tiyi01\" id=\"advisebox01\" style=\"display:none\"><div><iframe id=\"jc_link1\" style=\"width:600px;height:350px; float:left;\" border=\"0\" name=\"search\" marginwidth=\"0\" framespacing=\"0\" marginheight=\"0\" frameborder=\"0\" noresize=\"\" scrolling=\"no\" vspale=\"0\"></iframe></div><div class=\"tiyi03\"><div id=\"jc_close1\" style=\"cursor:pointer\"><img src=\"http://www.xinhuanet.com/images/syicon/space.gif\" width=\"24\" height=\"24\" border=\"0\"></div>', '2018-12-26 13:02:01', '朝林', '新华社');
INSERT INTO `t_news` VALUES ('16', '述评：中国改革开放宣言的世界回响', '副标题述评：中国改革开放宣言的世界回响', '<div style=\"text-align: center;\"><iframe src=\" \" class=\"video-frame\" style=\"display: none;\"></iframe></div><p>新华社北京12月25日电　<strong><font color=\"navy\">述评：中国改革开放宣言的世界回响</font></strong></p><p>新华社记者</p><p>改革开放40年，深刻改变了中国，深刻影响了世界。这段中国人民创造人类发展史奇迹的伟大历程，也必将载入世界史册。</p><p>中共中央总书记、国家主席、中央军委主席习近平在庆祝改革开放40周年大会上发表重要讲话，面向世界发出新时代改革开放的郑重宣言。</p><p>连日来，国际社会热议讲话，世界从中读到了中国坚持改革开放道路的坚定决心，读到了中国进一步开放合作的满满诚意，读到了对发展道路选择的有益启示。</p><p><font color=\"navy\"><strong>道路决定命运</strong></font></p><p>方向决定前途，道路决定命运。走对路，才有出路；路走得对不对，实践是最好的裁判、最硬的标准。</p><p>40年来，中国经济增长之快、延续时间之长，民生水平提升之大，前所未有；40年来，从生产力到生产关系、从经济基础到上层建筑，现代国家治理体系建设全方位推进……“没有其他任何一种道路比改革开放更能让中国走向现代化。”西班牙中国政策观察中心主任胡里奥·里奥斯在研读习近平讲话后发出感叹。</p><p>“这的确是一段波澜壮阔的过程，改革开放之路极大改变了中国面貌。”泰国前副总理披尼·扎禄颂巴赞叹道。</p><p>唯有志不改，道不变，中国才能牢牢掌握自己的命运。习近平在讲话中强调，必须坚持走中国特色社会主义道路，不断坚持和发展中国特色社会主义。</p><p>这是一条思想解放之路。</p><p>实践发展永无止境，解放思想永无止境。只有解放思想，才有敢想敢干的智慧勇气，才能激发人民群众的创造伟力。里奥斯认为，“是解放思想，让中国特色社会主义建设向前发展，与时俱进，让中国特色社会主义理论体系不断完善，中国和中国共产党才能对不断变化的时代始终做出正确回应。”</p><p>这是一条顺应民心之路。</p><p>为中国人民谋幸福，为中华民族谋复兴，为人类谋大同，是中国共产党人的初心和使命，也是改革开放的初心和使命。“中国共产党初心不改，正是以人民为中心的执政理念，让中国共产党开启改革开放并带领人民走向富裕。”尼日利亚阿布贾大学政治学副教授谢利夫·易卜拉辛如是说。</p><p>这是一条自我革新之路。</p><p>中国共产党领导是中国特色社会主义最本质的特征，是中国特色社会主义制度的最大优势。“中国改革开放的成功得益于一个坚强、睿智、不断自我革新的领导层，他们充分了解国情和人民需求，始终坚持以经济建设为中心。”从习近平讲话中，阿塞拜疆国家科学院东方研究所拉菲克·阿巴索夫教授得出这样的结论。</p><p>这是一条拥抱世界之路。</p><p>开放带来进步，封闭必然落后，是改革开放40年带给世人的重要启示。“习近平主席传递的开放决心无比重要，他告诉世界，伟大的改革开放还要继续下去，这是推动全球进步的重要决定。”英国剑桥大学教授艾伦·巴雷尔这样认为。</p><p><font color=\"navy\"><strong>开放带来进步</strong></font></p><p>中国的发展离不开世界，世界的繁荣也需要中国。</p><p>40年来，中国从封闭半封闭走到全方位开放，在积极推进经济全球化进程中成长为全球第二大经济体。中国积极推动建设开放型世界经济、构建人类命运共同体，促进全球治理体系变革，旗帜鲜明反对霸权主义和强权政治，为世界和平与发展不断贡献中国智慧、中国方案、中国力量，日益走近世界舞台中央。</p><p>中国发展受益于世界，又以自身发展推动世界和平与发展，改革开放正是中国和世界共同发展进步的非凡历程。</p><p>这是一段建设世界和平的非凡历程。</p><p>历史证明，中国的发展是和平力量的发展。印度中国研究所前所长莫汉蒂说，习近平主席讲话体现了中国在发展经济的同时，始终保持对国际社会的责任感，担当起促进全球和平与发展的使命。德国联邦议院德国-中国小组副主席罗比·施伦德指出，全球化的停滞和不平衡发展带来冲突甚至战争的威胁。中国这个拥有强大经济实力的开拓者，正在为建立和平的地球村作出自己的贡献。</p><p>这是一段推动全球发展的非凡历程。</p><p>从引进来到走出去，从加入世贸组织到共建“一带一路”，中国连续多年对世界经济增长贡献率超过30%，成为世界经济增长的主要稳定器和动力源。拉菲克表示，中国经济的发展在世界上不仅起到火车头作用，而且还是世界经济的重要稳定器。在应对国际金融危机过程中，中国发挥了独特作用。共同社客座评论委员冈田充说，改革开放不仅使中国获得飞跃性发展，也使亚洲成为世界的增长中心。</p><p>这是一段维护国际秩序的非凡历程。</p><p>在当前贸易保护主义和单边主义不断抬头的背景下，中国支持开放、透明、包容、非歧视性的多边贸易体制，促进贸易投资自由化便利化，并积极参与全球治理体系改革和建设。德国联邦议院国防委员会委员格罗尔德·奥滕认为，从支持以联合国为核心的战后国际体系到强调二十国集团等多边平台作用，中国深度融入国际体系并成为国际安全发展的稳定器。</p><p>“前进道路上，我们必须高举和平、发展、合作、共赢的旗帜，恪守维护世界和平、促进共同发展的外交政策宗旨，推动建设相互尊重、公平正义、合作共赢的新型国际关系。”改革开放40年的历史节点上，习近平在讲话中庄重宣示。</p><p><strong><font color=\"navy\">思想启迪未来</font></strong></p><p>在新时代改革开放的重要宣示中，习近平多次提及“人类”“世界”“发展”。这是中国把坚持改革开放与促进世界进步紧密相连的印证。</p><p>中国改革开放40年，是独立自强、勤政善治、稳定发展的生动范例，为世界各国破解道路选择之惑、理论探索之困、国家发展之难，消除和平、发展和治理赤字提供了崭新启示。</p><p>从这次重要宣示中，世界收获了国家自主选择发展道路的宝贵经验。</p><p>中国人民的成功实践昭示世人，通向现代化的道路不止一条，只要找准正确方向、驰而不息，条条大路通罗马。40年的实践充分证明，中国发展为广大发展中国家走向现代化提供了成功经验、展现了光明前景。</p><p>尼日利亚中国研究中心主任查尔斯·奥努纳伊朱说，中国为非洲提供了榜样，非洲可以对照寻找适合自己的发展道路。肯尼亚内罗毕大学国际经济学学者盖里雄·伊基亚拉说，改革开放提供了一种消除贫困、实现经济转型的借鉴模式。</p><p>从这次重要宣示中，世界读到了中国开放包容理念的丰富内涵。</p><p>意大利中国基金会商业研究中心高级研究员菲利波·法苏洛说，改革开放的发展模式以及中国与伙伴国家的互利合作，给世界其他国家树立了榜样。西班牙《对外政策》刊文说，当前世界背景下，理解中国走过的路，有助于政治家们决定下一步怎么走。</p><p>从这次重要宣示中，世界看到了中国顺应历史潮流、与时代同行的大方向。</p><p>俄罗斯人民友谊大学教授尤里·塔夫罗夫斯基在俄《独立报》撰文说，中国改革开放是全世界范围内规模最大的试验。“它显然已经成功，中国人民将跨越历史长河，向着梦想前进。”</p><p>40年栉风沐雨，40年砥砺奋进。新时代，中国改革开放的宣言正在激发广泛而深远的世界回响。（参与记者：范伟国、杨舟、郭求达、郭骏、杨臻、李铭、李洁、孙晓玲、赵旭、任珂）</p><div class=\"lb\"><div class=\"standard_lb\"><span class=\"tj\">图集</span> <span class=\"origin\"></span><div class=\"swiper-container2\" id=\"swiperContainer2\"><div class=\"swiper-wrapper\"> </div><div class=\"swiper-pagination\"></div><div class=\"swiper_arrow arrow_left s_arrow_left\"></div><div class=\"swiper_arrow arrow_right s_arrow_right\"></div><div class=\"swiper-scrollbar\"></div><span class=\"lb-left s_arrow_left\"></span> <span class=\"lb-right s_arrow_right\"></span> </div></div></div><div class=\"zan-wap\"><a href=\"javascript:void(0);\" class=\"zan\"> </a><div class=\"zan-i\">+1</div><div class=\"zan-v\"> <span></span> </div></div><div class=\"p-tags\" id=\"\"><div class=\"p-kwap\" style=\"display: none;\"><a href=\"javascript:void(0);\">世界发展</a><a href=\"javascript:void(0);\">改革开放</a><a href=\"javascript:void(0);\">经济</a></div><span class=\"p-jc\"><span class=\"tiyi1\"><a href=\"javascript:void(0);\" class=\"advise\">【纠错】</a><div class=\"tiyi01\" id=\"advisebox01\" style=\"display:none\"><div><iframe id=\"jc_link1\" style=\"width:600px;height:350px; float:left;\" border=\"0\" name=\"search\" marginwidth=\"0\" framespacing=\"0\" marginheight=\"0\" frameborder=\"0\" noresize=\"\" scrolling=\"no\" vspale=\"0\"></iframe></div><div class=\"tiyi03\"><div id=\"jc_close1\" style=\"cursor:pointer\"><img src=\"http://www.xinhuanet.com/images/syicon/space.gif\" width=\"24\" height=\"24\" border=\"0\"></div>', '2018-12-26 13:02:01', '朝林', '新华社');
INSERT INTO `t_news` VALUES ('17', '述评：中国改革开放宣言的世界回响', '副标题述评：中国改革开放宣言的世界回响', '<div style=\"text-align: center;\"><iframe src=\" \" class=\"video-frame\" style=\"display: none;\"></iframe></div><p>新华社北京12月25日电　<strong><font color=\"navy\">述评：中国改革开放宣言的世界回响</font></strong></p><p>新华社记者</p><p>改革开放40年，深刻改变了中国，深刻影响了世界。这段中国人民创造人类发展史奇迹的伟大历程，也必将载入世界史册。</p><p>中共中央总书记、国家主席、中央军委主席习近平在庆祝改革开放40周年大会上发表重要讲话，面向世界发出新时代改革开放的郑重宣言。</p><p>连日来，国际社会热议讲话，世界从中读到了中国坚持改革开放道路的坚定决心，读到了中国进一步开放合作的满满诚意，读到了对发展道路选择的有益启示。</p><p><font color=\"navy\"><strong>道路决定命运</strong></font></p><p>方向决定前途，道路决定命运。走对路，才有出路；路走得对不对，实践是最好的裁判、最硬的标准。</p><p>40年来，中国经济增长之快、延续时间之长，民生水平提升之大，前所未有；40年来，从生产力到生产关系、从经济基础到上层建筑，现代国家治理体系建设全方位推进……“没有其他任何一种道路比改革开放更能让中国走向现代化。”西班牙中国政策观察中心主任胡里奥·里奥斯在研读习近平讲话后发出感叹。</p><p>“这的确是一段波澜壮阔的过程，改革开放之路极大改变了中国面貌。”泰国前副总理披尼·扎禄颂巴赞叹道。</p><p>唯有志不改，道不变，中国才能牢牢掌握自己的命运。习近平在讲话中强调，必须坚持走中国特色社会主义道路，不断坚持和发展中国特色社会主义。</p><p>这是一条思想解放之路。</p><p>实践发展永无止境，解放思想永无止境。只有解放思想，才有敢想敢干的智慧勇气，才能激发人民群众的创造伟力。里奥斯认为，“是解放思想，让中国特色社会主义建设向前发展，与时俱进，让中国特色社会主义理论体系不断完善，中国和中国共产党才能对不断变化的时代始终做出正确回应。”</p><p>这是一条顺应民心之路。</p><p>为中国人民谋幸福，为中华民族谋复兴，为人类谋大同，是中国共产党人的初心和使命，也是改革开放的初心和使命。“中国共产党初心不改，正是以人民为中心的执政理念，让中国共产党开启改革开放并带领人民走向富裕。”尼日利亚阿布贾大学政治学副教授谢利夫·易卜拉辛如是说。</p><p>这是一条自我革新之路。</p><p>中国共产党领导是中国特色社会主义最本质的特征，是中国特色社会主义制度的最大优势。“中国改革开放的成功得益于一个坚强、睿智、不断自我革新的领导层，他们充分了解国情和人民需求，始终坚持以经济建设为中心。”从习近平讲话中，阿塞拜疆国家科学院东方研究所拉菲克·阿巴索夫教授得出这样的结论。</p><p>这是一条拥抱世界之路。</p><p>开放带来进步，封闭必然落后，是改革开放40年带给世人的重要启示。“习近平主席传递的开放决心无比重要，他告诉世界，伟大的改革开放还要继续下去，这是推动全球进步的重要决定。”英国剑桥大学教授艾伦·巴雷尔这样认为。</p><p><font color=\"navy\"><strong>开放带来进步</strong></font></p><p>中国的发展离不开世界，世界的繁荣也需要中国。</p><p>40年来，中国从封闭半封闭走到全方位开放，在积极推进经济全球化进程中成长为全球第二大经济体。中国积极推动建设开放型世界经济、构建人类命运共同体，促进全球治理体系变革，旗帜鲜明反对霸权主义和强权政治，为世界和平与发展不断贡献中国智慧、中国方案、中国力量，日益走近世界舞台中央。</p><p>中国发展受益于世界，又以自身发展推动世界和平与发展，改革开放正是中国和世界共同发展进步的非凡历程。</p><p>这是一段建设世界和平的非凡历程。</p><p>历史证明，中国的发展是和平力量的发展。印度中国研究所前所长莫汉蒂说，习近平主席讲话体现了中国在发展经济的同时，始终保持对国际社会的责任感，担当起促进全球和平与发展的使命。德国联邦议院德国-中国小组副主席罗比·施伦德指出，全球化的停滞和不平衡发展带来冲突甚至战争的威胁。中国这个拥有强大经济实力的开拓者，正在为建立和平的地球村作出自己的贡献。</p><p>这是一段推动全球发展的非凡历程。</p><p>从引进来到走出去，从加入世贸组织到共建“一带一路”，中国连续多年对世界经济增长贡献率超过30%，成为世界经济增长的主要稳定器和动力源。拉菲克表示，中国经济的发展在世界上不仅起到火车头作用，而且还是世界经济的重要稳定器。在应对国际金融危机过程中，中国发挥了独特作用。共同社客座评论委员冈田充说，改革开放不仅使中国获得飞跃性发展，也使亚洲成为世界的增长中心。</p><p>这是一段维护国际秩序的非凡历程。</p><p>在当前贸易保护主义和单边主义不断抬头的背景下，中国支持开放、透明、包容、非歧视性的多边贸易体制，促进贸易投资自由化便利化，并积极参与全球治理体系改革和建设。德国联邦议院国防委员会委员格罗尔德·奥滕认为，从支持以联合国为核心的战后国际体系到强调二十国集团等多边平台作用，中国深度融入国际体系并成为国际安全发展的稳定器。</p><p>“前进道路上，我们必须高举和平、发展、合作、共赢的旗帜，恪守维护世界和平、促进共同发展的外交政策宗旨，推动建设相互尊重、公平正义、合作共赢的新型国际关系。”改革开放40年的历史节点上，习近平在讲话中庄重宣示。</p><p><strong><font color=\"navy\">思想启迪未来</font></strong></p><p>在新时代改革开放的重要宣示中，习近平多次提及“人类”“世界”“发展”。这是中国把坚持改革开放与促进世界进步紧密相连的印证。</p><p>中国改革开放40年，是独立自强、勤政善治、稳定发展的生动范例，为世界各国破解道路选择之惑、理论探索之困、国家发展之难，消除和平、发展和治理赤字提供了崭新启示。</p><p>从这次重要宣示中，世界收获了国家自主选择发展道路的宝贵经验。</p><p>中国人民的成功实践昭示世人，通向现代化的道路不止一条，只要找准正确方向、驰而不息，条条大路通罗马。40年的实践充分证明，中国发展为广大发展中国家走向现代化提供了成功经验、展现了光明前景。</p><p>尼日利亚中国研究中心主任查尔斯·奥努纳伊朱说，中国为非洲提供了榜样，非洲可以对照寻找适合自己的发展道路。肯尼亚内罗毕大学国际经济学学者盖里雄·伊基亚拉说，改革开放提供了一种消除贫困、实现经济转型的借鉴模式。</p><p>从这次重要宣示中，世界读到了中国开放包容理念的丰富内涵。</p><p>意大利中国基金会商业研究中心高级研究员菲利波·法苏洛说，改革开放的发展模式以及中国与伙伴国家的互利合作，给世界其他国家树立了榜样。西班牙《对外政策》刊文说，当前世界背景下，理解中国走过的路，有助于政治家们决定下一步怎么走。</p><p>从这次重要宣示中，世界看到了中国顺应历史潮流、与时代同行的大方向。</p><p>俄罗斯人民友谊大学教授尤里·塔夫罗夫斯基在俄《独立报》撰文说，中国改革开放是全世界范围内规模最大的试验。“它显然已经成功，中国人民将跨越历史长河，向着梦想前进。”</p><p>40年栉风沐雨，40年砥砺奋进。新时代，中国改革开放的宣言正在激发广泛而深远的世界回响。（参与记者：范伟国、杨舟、郭求达、郭骏、杨臻、李铭、李洁、孙晓玲、赵旭、任珂）</p><div class=\"lb\"><div class=\"standard_lb\"><span class=\"tj\">图集</span> <span class=\"origin\"></span><div class=\"swiper-container2\" id=\"swiperContainer2\"><div class=\"swiper-wrapper\"> </div><div class=\"swiper-pagination\"></div><div class=\"swiper_arrow arrow_left s_arrow_left\"></div><div class=\"swiper_arrow arrow_right s_arrow_right\"></div><div class=\"swiper-scrollbar\"></div><span class=\"lb-left s_arrow_left\"></span> <span class=\"lb-right s_arrow_right\"></span> </div></div></div><div class=\"zan-wap\"><a href=\"javascript:void(0);\" class=\"zan\"> </a><div class=\"zan-i\">+1</div><div class=\"zan-v\"> <span></span> </div></div><div class=\"p-tags\" id=\"\"><div class=\"p-kwap\" style=\"display: none;\"><a href=\"javascript:void(0);\">世界发展</a><a href=\"javascript:void(0);\">改革开放</a><a href=\"javascript:void(0);\">经济</a></div><span class=\"p-jc\"><span class=\"tiyi1\"><a href=\"javascript:void(0);\" class=\"advise\">【纠错】</a><div class=\"tiyi01\" id=\"advisebox01\" style=\"display:none\"><div><iframe id=\"jc_link1\" style=\"width:600px;height:350px; float:left;\" border=\"0\" name=\"search\" marginwidth=\"0\" framespacing=\"0\" marginheight=\"0\" frameborder=\"0\" noresize=\"\" scrolling=\"no\" vspale=\"0\"></iframe></div><div class=\"tiyi03\"><div id=\"jc_close1\" style=\"cursor:pointer\"><img src=\"http://www.xinhuanet.com/images/syicon/space.gif\" width=\"24\" height=\"24\" border=\"0\"></div>', '2018-12-26 13:02:01', '朝林', '新华社');
INSERT INTO `t_news` VALUES ('18', '述评：中国改革开放宣言的世界回响', '副标题述评：中国改革开放宣言的世界回响', '<div style=\"text-align: center;\"><iframe src=\" \" class=\"video-frame\" style=\"display: none;\"></iframe></div><p>新华社北京12月25日电　<strong><font color=\"navy\">述评：中国改革开放宣言的世界回响</font></strong></p><p>新华社记者</p><p>改革开放40年，深刻改变了中国，深刻影响了世界。这段中国人民创造人类发展史奇迹的伟大历程，也必将载入世界史册。</p><p>中共中央总书记、国家主席、中央军委主席习近平在庆祝改革开放40周年大会上发表重要讲话，面向世界发出新时代改革开放的郑重宣言。</p><p>连日来，国际社会热议讲话，世界从中读到了中国坚持改革开放道路的坚定决心，读到了中国进一步开放合作的满满诚意，读到了对发展道路选择的有益启示。</p><p><font color=\"navy\"><strong>道路决定命运</strong></font></p><p>方向决定前途，道路决定命运。走对路，才有出路；路走得对不对，实践是最好的裁判、最硬的标准。</p><p>40年来，中国经济增长之快、延续时间之长，民生水平提升之大，前所未有；40年来，从生产力到生产关系、从经济基础到上层建筑，现代国家治理体系建设全方位推进……“没有其他任何一种道路比改革开放更能让中国走向现代化。”西班牙中国政策观察中心主任胡里奥·里奥斯在研读习近平讲话后发出感叹。</p><p>“这的确是一段波澜壮阔的过程，改革开放之路极大改变了中国面貌。”泰国前副总理披尼·扎禄颂巴赞叹道。</p><p>唯有志不改，道不变，中国才能牢牢掌握自己的命运。习近平在讲话中强调，必须坚持走中国特色社会主义道路，不断坚持和发展中国特色社会主义。</p><p>这是一条思想解放之路。</p><p>实践发展永无止境，解放思想永无止境。只有解放思想，才有敢想敢干的智慧勇气，才能激发人民群众的创造伟力。里奥斯认为，“是解放思想，让中国特色社会主义建设向前发展，与时俱进，让中国特色社会主义理论体系不断完善，中国和中国共产党才能对不断变化的时代始终做出正确回应。”</p><p>这是一条顺应民心之路。</p><p>为中国人民谋幸福，为中华民族谋复兴，为人类谋大同，是中国共产党人的初心和使命，也是改革开放的初心和使命。“中国共产党初心不改，正是以人民为中心的执政理念，让中国共产党开启改革开放并带领人民走向富裕。”尼日利亚阿布贾大学政治学副教授谢利夫·易卜拉辛如是说。</p><p>这是一条自我革新之路。</p><p>中国共产党领导是中国特色社会主义最本质的特征，是中国特色社会主义制度的最大优势。“中国改革开放的成功得益于一个坚强、睿智、不断自我革新的领导层，他们充分了解国情和人民需求，始终坚持以经济建设为中心。”从习近平讲话中，阿塞拜疆国家科学院东方研究所拉菲克·阿巴索夫教授得出这样的结论。</p><p>这是一条拥抱世界之路。</p><p>开放带来进步，封闭必然落后，是改革开放40年带给世人的重要启示。“习近平主席传递的开放决心无比重要，他告诉世界，伟大的改革开放还要继续下去，这是推动全球进步的重要决定。”英国剑桥大学教授艾伦·巴雷尔这样认为。</p><p><font color=\"navy\"><strong>开放带来进步</strong></font></p><p>中国的发展离不开世界，世界的繁荣也需要中国。</p><p>40年来，中国从封闭半封闭走到全方位开放，在积极推进经济全球化进程中成长为全球第二大经济体。中国积极推动建设开放型世界经济、构建人类命运共同体，促进全球治理体系变革，旗帜鲜明反对霸权主义和强权政治，为世界和平与发展不断贡献中国智慧、中国方案、中国力量，日益走近世界舞台中央。</p><p>中国发展受益于世界，又以自身发展推动世界和平与发展，改革开放正是中国和世界共同发展进步的非凡历程。</p><p>这是一段建设世界和平的非凡历程。</p><p>历史证明，中国的发展是和平力量的发展。印度中国研究所前所长莫汉蒂说，习近平主席讲话体现了中国在发展经济的同时，始终保持对国际社会的责任感，担当起促进全球和平与发展的使命。德国联邦议院德国-中国小组副主席罗比·施伦德指出，全球化的停滞和不平衡发展带来冲突甚至战争的威胁。中国这个拥有强大经济实力的开拓者，正在为建立和平的地球村作出自己的贡献。</p><p>这是一段推动全球发展的非凡历程。</p><p>从引进来到走出去，从加入世贸组织到共建“一带一路”，中国连续多年对世界经济增长贡献率超过30%，成为世界经济增长的主要稳定器和动力源。拉菲克表示，中国经济的发展在世界上不仅起到火车头作用，而且还是世界经济的重要稳定器。在应对国际金融危机过程中，中国发挥了独特作用。共同社客座评论委员冈田充说，改革开放不仅使中国获得飞跃性发展，也使亚洲成为世界的增长中心。</p><p>这是一段维护国际秩序的非凡历程。</p><p>在当前贸易保护主义和单边主义不断抬头的背景下，中国支持开放、透明、包容、非歧视性的多边贸易体制，促进贸易投资自由化便利化，并积极参与全球治理体系改革和建设。德国联邦议院国防委员会委员格罗尔德·奥滕认为，从支持以联合国为核心的战后国际体系到强调二十国集团等多边平台作用，中国深度融入国际体系并成为国际安全发展的稳定器。</p><p>“前进道路上，我们必须高举和平、发展、合作、共赢的旗帜，恪守维护世界和平、促进共同发展的外交政策宗旨，推动建设相互尊重、公平正义、合作共赢的新型国际关系。”改革开放40年的历史节点上，习近平在讲话中庄重宣示。</p><p><strong><font color=\"navy\">思想启迪未来</font></strong></p><p>在新时代改革开放的重要宣示中，习近平多次提及“人类”“世界”“发展”。这是中国把坚持改革开放与促进世界进步紧密相连的印证。</p><p>中国改革开放40年，是独立自强、勤政善治、稳定发展的生动范例，为世界各国破解道路选择之惑、理论探索之困、国家发展之难，消除和平、发展和治理赤字提供了崭新启示。</p><p>从这次重要宣示中，世界收获了国家自主选择发展道路的宝贵经验。</p><p>中国人民的成功实践昭示世人，通向现代化的道路不止一条，只要找准正确方向、驰而不息，条条大路通罗马。40年的实践充分证明，中国发展为广大发展中国家走向现代化提供了成功经验、展现了光明前景。</p><p>尼日利亚中国研究中心主任查尔斯·奥努纳伊朱说，中国为非洲提供了榜样，非洲可以对照寻找适合自己的发展道路。肯尼亚内罗毕大学国际经济学学者盖里雄·伊基亚拉说，改革开放提供了一种消除贫困、实现经济转型的借鉴模式。</p><p>从这次重要宣示中，世界读到了中国开放包容理念的丰富内涵。</p><p>意大利中国基金会商业研究中心高级研究员菲利波·法苏洛说，改革开放的发展模式以及中国与伙伴国家的互利合作，给世界其他国家树立了榜样。西班牙《对外政策》刊文说，当前世界背景下，理解中国走过的路，有助于政治家们决定下一步怎么走。</p><p>从这次重要宣示中，世界看到了中国顺应历史潮流、与时代同行的大方向。</p><p>俄罗斯人民友谊大学教授尤里·塔夫罗夫斯基在俄《独立报》撰文说，中国改革开放是全世界范围内规模最大的试验。“它显然已经成功，中国人民将跨越历史长河，向着梦想前进。”</p><p>40年栉风沐雨，40年砥砺奋进。新时代，中国改革开放的宣言正在激发广泛而深远的世界回响。（参与记者：范伟国、杨舟、郭求达、郭骏、杨臻、李铭、李洁、孙晓玲、赵旭、任珂）</p><div class=\"lb\"><div class=\"standard_lb\"><span class=\"tj\">图集</span> <span class=\"origin\"></span><div class=\"swiper-container2\" id=\"swiperContainer2\"><div class=\"swiper-wrapper\"> </div><div class=\"swiper-pagination\"></div><div class=\"swiper_arrow arrow_left s_arrow_left\"></div><div class=\"swiper_arrow arrow_right s_arrow_right\"></div><div class=\"swiper-scrollbar\"></div><span class=\"lb-left s_arrow_left\"></span> <span class=\"lb-right s_arrow_right\"></span> </div></div></div><div class=\"zan-wap\"><a href=\"javascript:void(0);\" class=\"zan\"> </a><div class=\"zan-i\">+1</div><div class=\"zan-v\"> <span></span> </div></div><div class=\"p-tags\" id=\"\"><div class=\"p-kwap\" style=\"display: none;\"><a href=\"javascript:void(0);\">世界发展</a><a href=\"javascript:void(0);\">改革开放</a><a href=\"javascript:void(0);\">经济</a></div><span class=\"p-jc\"><span class=\"tiyi1\"><a href=\"javascript:void(0);\" class=\"advise\">【纠错】</a><div class=\"tiyi01\" id=\"advisebox01\" style=\"display:none\"><div><iframe id=\"jc_link1\" style=\"width:600px;height:350px; float:left;\" border=\"0\" name=\"search\" marginwidth=\"0\" framespacing=\"0\" marginheight=\"0\" frameborder=\"0\" noresize=\"\" scrolling=\"no\" vspale=\"0\"></iframe></div><div class=\"tiyi03\"><div id=\"jc_close1\" style=\"cursor:pointer\"><img src=\"http://www.xinhuanet.com/images/syicon/space.gif\" width=\"24\" height=\"24\" border=\"0\"></div>', '2018-12-26 13:02:01', '朝林', '新华社');
INSERT INTO `t_news` VALUES ('19', '述评：中国改革开放宣言的世界回响', '副标题述评：中国改革开放宣言的世界回响', '<div style=\"text-align: center;\"><iframe src=\" \" class=\"video-frame\" style=\"display: none;\"></iframe></div><p>新华社北京12月25日电　<strong><font color=\"navy\">述评：中国改革开放宣言的世界回响</font></strong></p><p>新华社记者</p><p>改革开放40年，深刻改变了中国，深刻影响了世界。这段中国人民创造人类发展史奇迹的伟大历程，也必将载入世界史册。</p><p>中共中央总书记、国家主席、中央军委主席习近平在庆祝改革开放40周年大会上发表重要讲话，面向世界发出新时代改革开放的郑重宣言。</p><p>连日来，国际社会热议讲话，世界从中读到了中国坚持改革开放道路的坚定决心，读到了中国进一步开放合作的满满诚意，读到了对发展道路选择的有益启示。</p><p><font color=\"navy\"><strong>道路决定命运</strong></font></p><p>方向决定前途，道路决定命运。走对路，才有出路；路走得对不对，实践是最好的裁判、最硬的标准。</p><p>40年来，中国经济增长之快、延续时间之长，民生水平提升之大，前所未有；40年来，从生产力到生产关系、从经济基础到上层建筑，现代国家治理体系建设全方位推进……“没有其他任何一种道路比改革开放更能让中国走向现代化。”西班牙中国政策观察中心主任胡里奥·里奥斯在研读习近平讲话后发出感叹。</p><p>“这的确是一段波澜壮阔的过程，改革开放之路极大改变了中国面貌。”泰国前副总理披尼·扎禄颂巴赞叹道。</p><p>唯有志不改，道不变，中国才能牢牢掌握自己的命运。习近平在讲话中强调，必须坚持走中国特色社会主义道路，不断坚持和发展中国特色社会主义。</p><p>这是一条思想解放之路。</p><p>实践发展永无止境，解放思想永无止境。只有解放思想，才有敢想敢干的智慧勇气，才能激发人民群众的创造伟力。里奥斯认为，“是解放思想，让中国特色社会主义建设向前发展，与时俱进，让中国特色社会主义理论体系不断完善，中国和中国共产党才能对不断变化的时代始终做出正确回应。”</p><p>这是一条顺应民心之路。</p><p>为中国人民谋幸福，为中华民族谋复兴，为人类谋大同，是中国共产党人的初心和使命，也是改革开放的初心和使命。“中国共产党初心不改，正是以人民为中心的执政理念，让中国共产党开启改革开放并带领人民走向富裕。”尼日利亚阿布贾大学政治学副教授谢利夫·易卜拉辛如是说。</p><p>这是一条自我革新之路。</p><p>中国共产党领导是中国特色社会主义最本质的特征，是中国特色社会主义制度的最大优势。“中国改革开放的成功得益于一个坚强、睿智、不断自我革新的领导层，他们充分了解国情和人民需求，始终坚持以经济建设为中心。”从习近平讲话中，阿塞拜疆国家科学院东方研究所拉菲克·阿巴索夫教授得出这样的结论。</p><p>这是一条拥抱世界之路。</p><p>开放带来进步，封闭必然落后，是改革开放40年带给世人的重要启示。“习近平主席传递的开放决心无比重要，他告诉世界，伟大的改革开放还要继续下去，这是推动全球进步的重要决定。”英国剑桥大学教授艾伦·巴雷尔这样认为。</p><p><font color=\"navy\"><strong>开放带来进步</strong></font></p><p>中国的发展离不开世界，世界的繁荣也需要中国。</p><p>40年来，中国从封闭半封闭走到全方位开放，在积极推进经济全球化进程中成长为全球第二大经济体。中国积极推动建设开放型世界经济、构建人类命运共同体，促进全球治理体系变革，旗帜鲜明反对霸权主义和强权政治，为世界和平与发展不断贡献中国智慧、中国方案、中国力量，日益走近世界舞台中央。</p><p>中国发展受益于世界，又以自身发展推动世界和平与发展，改革开放正是中国和世界共同发展进步的非凡历程。</p><p>这是一段建设世界和平的非凡历程。</p><p>历史证明，中国的发展是和平力量的发展。印度中国研究所前所长莫汉蒂说，习近平主席讲话体现了中国在发展经济的同时，始终保持对国际社会的责任感，担当起促进全球和平与发展的使命。德国联邦议院德国-中国小组副主席罗比·施伦德指出，全球化的停滞和不平衡发展带来冲突甚至战争的威胁。中国这个拥有强大经济实力的开拓者，正在为建立和平的地球村作出自己的贡献。</p><p>这是一段推动全球发展的非凡历程。</p><p>从引进来到走出去，从加入世贸组织到共建“一带一路”，中国连续多年对世界经济增长贡献率超过30%，成为世界经济增长的主要稳定器和动力源。拉菲克表示，中国经济的发展在世界上不仅起到火车头作用，而且还是世界经济的重要稳定器。在应对国际金融危机过程中，中国发挥了独特作用。共同社客座评论委员冈田充说，改革开放不仅使中国获得飞跃性发展，也使亚洲成为世界的增长中心。</p><p>这是一段维护国际秩序的非凡历程。</p><p>在当前贸易保护主义和单边主义不断抬头的背景下，中国支持开放、透明、包容、非歧视性的多边贸易体制，促进贸易投资自由化便利化，并积极参与全球治理体系改革和建设。德国联邦议院国防委员会委员格罗尔德·奥滕认为，从支持以联合国为核心的战后国际体系到强调二十国集团等多边平台作用，中国深度融入国际体系并成为国际安全发展的稳定器。</p><p>“前进道路上，我们必须高举和平、发展、合作、共赢的旗帜，恪守维护世界和平、促进共同发展的外交政策宗旨，推动建设相互尊重、公平正义、合作共赢的新型国际关系。”改革开放40年的历史节点上，习近平在讲话中庄重宣示。</p><p><strong><font color=\"navy\">思想启迪未来</font></strong></p><p>在新时代改革开放的重要宣示中，习近平多次提及“人类”“世界”“发展”。这是中国把坚持改革开放与促进世界进步紧密相连的印证。</p><p>中国改革开放40年，是独立自强、勤政善治、稳定发展的生动范例，为世界各国破解道路选择之惑、理论探索之困、国家发展之难，消除和平、发展和治理赤字提供了崭新启示。</p><p>从这次重要宣示中，世界收获了国家自主选择发展道路的宝贵经验。</p><p>中国人民的成功实践昭示世人，通向现代化的道路不止一条，只要找准正确方向、驰而不息，条条大路通罗马。40年的实践充分证明，中国发展为广大发展中国家走向现代化提供了成功经验、展现了光明前景。</p><p>尼日利亚中国研究中心主任查尔斯·奥努纳伊朱说，中国为非洲提供了榜样，非洲可以对照寻找适合自己的发展道路。肯尼亚内罗毕大学国际经济学学者盖里雄·伊基亚拉说，改革开放提供了一种消除贫困、实现经济转型的借鉴模式。</p><p>从这次重要宣示中，世界读到了中国开放包容理念的丰富内涵。</p><p>意大利中国基金会商业研究中心高级研究员菲利波·法苏洛说，改革开放的发展模式以及中国与伙伴国家的互利合作，给世界其他国家树立了榜样。西班牙《对外政策》刊文说，当前世界背景下，理解中国走过的路，有助于政治家们决定下一步怎么走。</p><p>从这次重要宣示中，世界看到了中国顺应历史潮流、与时代同行的大方向。</p><p>俄罗斯人民友谊大学教授尤里·塔夫罗夫斯基在俄《独立报》撰文说，中国改革开放是全世界范围内规模最大的试验。“它显然已经成功，中国人民将跨越历史长河，向着梦想前进。”</p><p>40年栉风沐雨，40年砥砺奋进。新时代，中国改革开放的宣言正在激发广泛而深远的世界回响。（参与记者：范伟国、杨舟、郭求达、郭骏、杨臻、李铭、李洁、孙晓玲、赵旭、任珂）</p><div class=\"lb\"><div class=\"standard_lb\"><span class=\"tj\">图集</span> <span class=\"origin\"></span><div class=\"swiper-container2\" id=\"swiperContainer2\"><div class=\"swiper-wrapper\"> </div><div class=\"swiper-pagination\"></div><div class=\"swiper_arrow arrow_left s_arrow_left\"></div><div class=\"swiper_arrow arrow_right s_arrow_right\"></div><div class=\"swiper-scrollbar\"></div><span class=\"lb-left s_arrow_left\"></span> <span class=\"lb-right s_arrow_right\"></span> </div></div></div><div class=\"zan-wap\"><a href=\"javascript:void(0);\" class=\"zan\"> </a><div class=\"zan-i\">+1</div><div class=\"zan-v\"> <span></span> </div></div><div class=\"p-tags\" id=\"\"><div class=\"p-kwap\" style=\"display: none;\"><a href=\"javascript:void(0);\">世界发展</a><a href=\"javascript:void(0);\">改革开放</a><a href=\"javascript:void(0);\">经济</a></div><span class=\"p-jc\"><span class=\"tiyi1\"><a href=\"javascript:void(0);\" class=\"advise\">【纠错】</a><div class=\"tiyi01\" id=\"advisebox01\" style=\"display:none\"><div><iframe id=\"jc_link1\" style=\"width:600px;height:350px; float:left;\" border=\"0\" name=\"search\" marginwidth=\"0\" framespacing=\"0\" marginheight=\"0\" frameborder=\"0\" noresize=\"\" scrolling=\"no\" vspale=\"0\"></iframe></div><div class=\"tiyi03\"><div id=\"jc_close1\" style=\"cursor:pointer\"><img src=\"http://www.xinhuanet.com/images/syicon/space.gif\" width=\"24\" height=\"24\" border=\"0\"></div>', '2018-12-26 13:02:01', '朝林', '新华社');
INSERT INTO `t_news` VALUES ('20', '述评：中国改革开放宣言的世界回响', '副标题述评：中国改革开放宣言的世界回响', '<div style=\"text-align: center;\"><iframe src=\" \" class=\"video-frame\" style=\"display: none;\"></iframe></div><p>新华社北京12月25日电　<strong><font color=\"navy\">述评：中国改革开放宣言的世界回响</font></strong></p><p>新华社记者</p><p>改革开放40年，深刻改变了中国，深刻影响了世界。这段中国人民创造人类发展史奇迹的伟大历程，也必将载入世界史册。</p><p>中共中央总书记、国家主席、中央军委主席习近平在庆祝改革开放40周年大会上发表重要讲话，面向世界发出新时代改革开放的郑重宣言。</p><p>连日来，国际社会热议讲话，世界从中读到了中国坚持改革开放道路的坚定决心，读到了中国进一步开放合作的满满诚意，读到了对发展道路选择的有益启示。</p><p><font color=\"navy\"><strong>道路决定命运</strong></font></p><p>方向决定前途，道路决定命运。走对路，才有出路；路走得对不对，实践是最好的裁判、最硬的标准。</p><p>40年来，中国经济增长之快、延续时间之长，民生水平提升之大，前所未有；40年来，从生产力到生产关系、从经济基础到上层建筑，现代国家治理体系建设全方位推进……“没有其他任何一种道路比改革开放更能让中国走向现代化。”西班牙中国政策观察中心主任胡里奥·里奥斯在研读习近平讲话后发出感叹。</p><p>“这的确是一段波澜壮阔的过程，改革开放之路极大改变了中国面貌。”泰国前副总理披尼·扎禄颂巴赞叹道。</p><p>唯有志不改，道不变，中国才能牢牢掌握自己的命运。习近平在讲话中强调，必须坚持走中国特色社会主义道路，不断坚持和发展中国特色社会主义。</p><p>这是一条思想解放之路。</p><p>实践发展永无止境，解放思想永无止境。只有解放思想，才有敢想敢干的智慧勇气，才能激发人民群众的创造伟力。里奥斯认为，“是解放思想，让中国特色社会主义建设向前发展，与时俱进，让中国特色社会主义理论体系不断完善，中国和中国共产党才能对不断变化的时代始终做出正确回应。”</p><p>这是一条顺应民心之路。</p><p>为中国人民谋幸福，为中华民族谋复兴，为人类谋大同，是中国共产党人的初心和使命，也是改革开放的初心和使命。“中国共产党初心不改，正是以人民为中心的执政理念，让中国共产党开启改革开放并带领人民走向富裕。”尼日利亚阿布贾大学政治学副教授谢利夫·易卜拉辛如是说。</p><p>这是一条自我革新之路。</p><p>中国共产党领导是中国特色社会主义最本质的特征，是中国特色社会主义制度的最大优势。“中国改革开放的成功得益于一个坚强、睿智、不断自我革新的领导层，他们充分了解国情和人民需求，始终坚持以经济建设为中心。”从习近平讲话中，阿塞拜疆国家科学院东方研究所拉菲克·阿巴索夫教授得出这样的结论。</p><p>这是一条拥抱世界之路。</p><p>开放带来进步，封闭必然落后，是改革开放40年带给世人的重要启示。“习近平主席传递的开放决心无比重要，他告诉世界，伟大的改革开放还要继续下去，这是推动全球进步的重要决定。”英国剑桥大学教授艾伦·巴雷尔这样认为。</p><p><font color=\"navy\"><strong>开放带来进步</strong></font></p><p>中国的发展离不开世界，世界的繁荣也需要中国。</p><p>40年来，中国从封闭半封闭走到全方位开放，在积极推进经济全球化进程中成长为全球第二大经济体。中国积极推动建设开放型世界经济、构建人类命运共同体，促进全球治理体系变革，旗帜鲜明反对霸权主义和强权政治，为世界和平与发展不断贡献中国智慧、中国方案、中国力量，日益走近世界舞台中央。</p><p>中国发展受益于世界，又以自身发展推动世界和平与发展，改革开放正是中国和世界共同发展进步的非凡历程。</p><p>这是一段建设世界和平的非凡历程。</p><p>历史证明，中国的发展是和平力量的发展。印度中国研究所前所长莫汉蒂说，习近平主席讲话体现了中国在发展经济的同时，始终保持对国际社会的责任感，担当起促进全球和平与发展的使命。德国联邦议院德国-中国小组副主席罗比·施伦德指出，全球化的停滞和不平衡发展带来冲突甚至战争的威胁。中国这个拥有强大经济实力的开拓者，正在为建立和平的地球村作出自己的贡献。</p><p>这是一段推动全球发展的非凡历程。</p><p>从引进来到走出去，从加入世贸组织到共建“一带一路”，中国连续多年对世界经济增长贡献率超过30%，成为世界经济增长的主要稳定器和动力源。拉菲克表示，中国经济的发展在世界上不仅起到火车头作用，而且还是世界经济的重要稳定器。在应对国际金融危机过程中，中国发挥了独特作用。共同社客座评论委员冈田充说，改革开放不仅使中国获得飞跃性发展，也使亚洲成为世界的增长中心。</p><p>这是一段维护国际秩序的非凡历程。</p><p>在当前贸易保护主义和单边主义不断抬头的背景下，中国支持开放、透明、包容、非歧视性的多边贸易体制，促进贸易投资自由化便利化，并积极参与全球治理体系改革和建设。德国联邦议院国防委员会委员格罗尔德·奥滕认为，从支持以联合国为核心的战后国际体系到强调二十国集团等多边平台作用，中国深度融入国际体系并成为国际安全发展的稳定器。</p><p>“前进道路上，我们必须高举和平、发展、合作、共赢的旗帜，恪守维护世界和平、促进共同发展的外交政策宗旨，推动建设相互尊重、公平正义、合作共赢的新型国际关系。”改革开放40年的历史节点上，习近平在讲话中庄重宣示。</p><p><strong><font color=\"navy\">思想启迪未来</font></strong></p><p>在新时代改革开放的重要宣示中，习近平多次提及“人类”“世界”“发展”。这是中国把坚持改革开放与促进世界进步紧密相连的印证。</p><p>中国改革开放40年，是独立自强、勤政善治、稳定发展的生动范例，为世界各国破解道路选择之惑、理论探索之困、国家发展之难，消除和平、发展和治理赤字提供了崭新启示。</p><p>从这次重要宣示中，世界收获了国家自主选择发展道路的宝贵经验。</p><p>中国人民的成功实践昭示世人，通向现代化的道路不止一条，只要找准正确方向、驰而不息，条条大路通罗马。40年的实践充分证明，中国发展为广大发展中国家走向现代化提供了成功经验、展现了光明前景。</p><p>尼日利亚中国研究中心主任查尔斯·奥努纳伊朱说，中国为非洲提供了榜样，非洲可以对照寻找适合自己的发展道路。肯尼亚内罗毕大学国际经济学学者盖里雄·伊基亚拉说，改革开放提供了一种消除贫困、实现经济转型的借鉴模式。</p><p>从这次重要宣示中，世界读到了中国开放包容理念的丰富内涵。</p><p>意大利中国基金会商业研究中心高级研究员菲利波·法苏洛说，改革开放的发展模式以及中国与伙伴国家的互利合作，给世界其他国家树立了榜样。西班牙《对外政策》刊文说，当前世界背景下，理解中国走过的路，有助于政治家们决定下一步怎么走。</p><p>从这次重要宣示中，世界看到了中国顺应历史潮流、与时代同行的大方向。</p><p>俄罗斯人民友谊大学教授尤里·塔夫罗夫斯基在俄《独立报》撰文说，中国改革开放是全世界范围内规模最大的试验。“它显然已经成功，中国人民将跨越历史长河，向着梦想前进。”</p><p>40年栉风沐雨，40年砥砺奋进。新时代，中国改革开放的宣言正在激发广泛而深远的世界回响。（参与记者：范伟国、杨舟、郭求达、郭骏、杨臻、李铭、李洁、孙晓玲、赵旭、任珂）</p><div class=\"lb\"><div class=\"standard_lb\"><span class=\"tj\">图集</span> <span class=\"origin\"></span><div class=\"swiper-container2\" id=\"swiperContainer2\"><div class=\"swiper-wrapper\"> </div><div class=\"swiper-pagination\"></div><div class=\"swiper_arrow arrow_left s_arrow_left\"></div><div class=\"swiper_arrow arrow_right s_arrow_right\"></div><div class=\"swiper-scrollbar\"></div><span class=\"lb-left s_arrow_left\"></span> <span class=\"lb-right s_arrow_right\"></span> </div></div></div><div class=\"zan-wap\"><a href=\"javascript:void(0);\" class=\"zan\"> </a><div class=\"zan-i\">+1</div><div class=\"zan-v\"> <span></span> </div></div><div class=\"p-tags\" id=\"\"><div class=\"p-kwap\" style=\"display: none;\"><a href=\"javascript:void(0);\">世界发展</a><a href=\"javascript:void(0);\">改革开放</a><a href=\"javascript:void(0);\">经济</a></div><span class=\"p-jc\"><span class=\"tiyi1\"><a href=\"javascript:void(0);\" class=\"advise\">【纠错】</a><div class=\"tiyi01\" id=\"advisebox01\" style=\"display:none\"><div><iframe id=\"jc_link1\" style=\"width:600px;height:350px; float:left;\" border=\"0\" name=\"search\" marginwidth=\"0\" framespacing=\"0\" marginheight=\"0\" frameborder=\"0\" noresize=\"\" scrolling=\"no\" vspale=\"0\"></iframe></div><div class=\"tiyi03\"><div id=\"jc_close1\" style=\"cursor:pointer\"><img src=\"http://www.xinhuanet.com/images/syicon/space.gif\" width=\"24\" height=\"24\" border=\"0\"></div>', '2018-12-26 13:02:01', '朝林', '新华社');
INSERT INTO `t_news` VALUES ('21', '述评：中国改革开放宣言的世界回响', '副标题述评：中国改革开放宣言的世界回响', '<div style=\"text-align: center;\"><iframe src=\" \" class=\"video-frame\" style=\"display: none;\"></iframe></div><p>新华社北京12月25日电　<strong><font color=\"navy\">述评：中国改革开放宣言的世界回响</font></strong></p><p>新华社记者</p><p>改革开放40年，深刻改变了中国，深刻影响了世界。这段中国人民创造人类发展史奇迹的伟大历程，也必将载入世界史册。</p><p>中共中央总书记、国家主席、中央军委主席习近平在庆祝改革开放40周年大会上发表重要讲话，面向世界发出新时代改革开放的郑重宣言。</p><p>连日来，国际社会热议讲话，世界从中读到了中国坚持改革开放道路的坚定决心，读到了中国进一步开放合作的满满诚意，读到了对发展道路选择的有益启示。</p><p><font color=\"navy\"><strong>道路决定命运</strong></font></p><p>方向决定前途，道路决定命运。走对路，才有出路；路走得对不对，实践是最好的裁判、最硬的标准。</p><p>40年来，中国经济增长之快、延续时间之长，民生水平提升之大，前所未有；40年来，从生产力到生产关系、从经济基础到上层建筑，现代国家治理体系建设全方位推进……“没有其他任何一种道路比改革开放更能让中国走向现代化。”西班牙中国政策观察中心主任胡里奥·里奥斯在研读习近平讲话后发出感叹。</p><p>“这的确是一段波澜壮阔的过程，改革开放之路极大改变了中国面貌。”泰国前副总理披尼·扎禄颂巴赞叹道。</p><p>唯有志不改，道不变，中国才能牢牢掌握自己的命运。习近平在讲话中强调，必须坚持走中国特色社会主义道路，不断坚持和发展中国特色社会主义。</p><p>这是一条思想解放之路。</p><p>实践发展永无止境，解放思想永无止境。只有解放思想，才有敢想敢干的智慧勇气，才能激发人民群众的创造伟力。里奥斯认为，“是解放思想，让中国特色社会主义建设向前发展，与时俱进，让中国特色社会主义理论体系不断完善，中国和中国共产党才能对不断变化的时代始终做出正确回应。”</p><p>这是一条顺应民心之路。</p><p>为中国人民谋幸福，为中华民族谋复兴，为人类谋大同，是中国共产党人的初心和使命，也是改革开放的初心和使命。“中国共产党初心不改，正是以人民为中心的执政理念，让中国共产党开启改革开放并带领人民走向富裕。”尼日利亚阿布贾大学政治学副教授谢利夫·易卜拉辛如是说。</p><p>这是一条自我革新之路。</p><p>中国共产党领导是中国特色社会主义最本质的特征，是中国特色社会主义制度的最大优势。“中国改革开放的成功得益于一个坚强、睿智、不断自我革新的领导层，他们充分了解国情和人民需求，始终坚持以经济建设为中心。”从习近平讲话中，阿塞拜疆国家科学院东方研究所拉菲克·阿巴索夫教授得出这样的结论。</p><p>这是一条拥抱世界之路。</p><p>开放带来进步，封闭必然落后，是改革开放40年带给世人的重要启示。“习近平主席传递的开放决心无比重要，他告诉世界，伟大的改革开放还要继续下去，这是推动全球进步的重要决定。”英国剑桥大学教授艾伦·巴雷尔这样认为。</p><p><font color=\"navy\"><strong>开放带来进步</strong></font></p><p>中国的发展离不开世界，世界的繁荣也需要中国。</p><p>40年来，中国从封闭半封闭走到全方位开放，在积极推进经济全球化进程中成长为全球第二大经济体。中国积极推动建设开放型世界经济、构建人类命运共同体，促进全球治理体系变革，旗帜鲜明反对霸权主义和强权政治，为世界和平与发展不断贡献中国智慧、中国方案、中国力量，日益走近世界舞台中央。</p><p>中国发展受益于世界，又以自身发展推动世界和平与发展，改革开放正是中国和世界共同发展进步的非凡历程。</p><p>这是一段建设世界和平的非凡历程。</p><p>历史证明，中国的发展是和平力量的发展。印度中国研究所前所长莫汉蒂说，习近平主席讲话体现了中国在发展经济的同时，始终保持对国际社会的责任感，担当起促进全球和平与发展的使命。德国联邦议院德国-中国小组副主席罗比·施伦德指出，全球化的停滞和不平衡发展带来冲突甚至战争的威胁。中国这个拥有强大经济实力的开拓者，正在为建立和平的地球村作出自己的贡献。</p><p>这是一段推动全球发展的非凡历程。</p><p>从引进来到走出去，从加入世贸组织到共建“一带一路”，中国连续多年对世界经济增长贡献率超过30%，成为世界经济增长的主要稳定器和动力源。拉菲克表示，中国经济的发展在世界上不仅起到火车头作用，而且还是世界经济的重要稳定器。在应对国际金融危机过程中，中国发挥了独特作用。共同社客座评论委员冈田充说，改革开放不仅使中国获得飞跃性发展，也使亚洲成为世界的增长中心。</p><p>这是一段维护国际秩序的非凡历程。</p><p>在当前贸易保护主义和单边主义不断抬头的背景下，中国支持开放、透明、包容、非歧视性的多边贸易体制，促进贸易投资自由化便利化，并积极参与全球治理体系改革和建设。德国联邦议院国防委员会委员格罗尔德·奥滕认为，从支持以联合国为核心的战后国际体系到强调二十国集团等多边平台作用，中国深度融入国际体系并成为国际安全发展的稳定器。</p><p>“前进道路上，我们必须高举和平、发展、合作、共赢的旗帜，恪守维护世界和平、促进共同发展的外交政策宗旨，推动建设相互尊重、公平正义、合作共赢的新型国际关系。”改革开放40年的历史节点上，习近平在讲话中庄重宣示。</p><p><strong><font color=\"navy\">思想启迪未来</font></strong></p><p>在新时代改革开放的重要宣示中，习近平多次提及“人类”“世界”“发展”。这是中国把坚持改革开放与促进世界进步紧密相连的印证。</p><p>中国改革开放40年，是独立自强、勤政善治、稳定发展的生动范例，为世界各国破解道路选择之惑、理论探索之困、国家发展之难，消除和平、发展和治理赤字提供了崭新启示。</p><p>从这次重要宣示中，世界收获了国家自主选择发展道路的宝贵经验。</p><p>中国人民的成功实践昭示世人，通向现代化的道路不止一条，只要找准正确方向、驰而不息，条条大路通罗马。40年的实践充分证明，中国发展为广大发展中国家走向现代化提供了成功经验、展现了光明前景。</p><p>尼日利亚中国研究中心主任查尔斯·奥努纳伊朱说，中国为非洲提供了榜样，非洲可以对照寻找适合自己的发展道路。肯尼亚内罗毕大学国际经济学学者盖里雄·伊基亚拉说，改革开放提供了一种消除贫困、实现经济转型的借鉴模式。</p><p>从这次重要宣示中，世界读到了中国开放包容理念的丰富内涵。</p><p>意大利中国基金会商业研究中心高级研究员菲利波·法苏洛说，改革开放的发展模式以及中国与伙伴国家的互利合作，给世界其他国家树立了榜样。西班牙《对外政策》刊文说，当前世界背景下，理解中国走过的路，有助于政治家们决定下一步怎么走。</p><p>从这次重要宣示中，世界看到了中国顺应历史潮流、与时代同行的大方向。</p><p>俄罗斯人民友谊大学教授尤里·塔夫罗夫斯基在俄《独立报》撰文说，中国改革开放是全世界范围内规模最大的试验。“它显然已经成功，中国人民将跨越历史长河，向着梦想前进。”</p><p>40年栉风沐雨，40年砥砺奋进。新时代，中国改革开放的宣言正在激发广泛而深远的世界回响。（参与记者：范伟国、杨舟、郭求达、郭骏、杨臻、李铭、李洁、孙晓玲、赵旭、任珂）</p><div class=\"lb\"><div class=\"standard_lb\"><span class=\"tj\">图集</span> <span class=\"origin\"></span><div class=\"swiper-container2\" id=\"swiperContainer2\"><div class=\"swiper-wrapper\"> </div><div class=\"swiper-pagination\"></div><div class=\"swiper_arrow arrow_left s_arrow_left\"></div><div class=\"swiper_arrow arrow_right s_arrow_right\"></div><div class=\"swiper-scrollbar\"></div><span class=\"lb-left s_arrow_left\"></span> <span class=\"lb-right s_arrow_right\"></span> </div></div></div><div class=\"zan-wap\"><a href=\"javascript:void(0);\" class=\"zan\"> </a><div class=\"zan-i\">+1</div><div class=\"zan-v\"> <span></span> </div></div><div class=\"p-tags\" id=\"\"><div class=\"p-kwap\" style=\"display: none;\"><a href=\"javascript:void(0);\">世界发展</a><a href=\"javascript:void(0);\">改革开放</a><a href=\"javascript:void(0);\">经济</a></div><span class=\"p-jc\"><span class=\"tiyi1\"><a href=\"javascript:void(0);\" class=\"advise\">【纠错】</a><div class=\"tiyi01\" id=\"advisebox01\" style=\"display:none\"><div><iframe id=\"jc_link1\" style=\"width:600px;height:350px; float:left;\" border=\"0\" name=\"search\" marginwidth=\"0\" framespacing=\"0\" marginheight=\"0\" frameborder=\"0\" noresize=\"\" scrolling=\"no\" vspale=\"0\"></iframe></div><div class=\"tiyi03\"><div id=\"jc_close1\" style=\"cursor:pointer\"><img src=\"http://www.xinhuanet.com/images/syicon/space.gif\" width=\"24\" height=\"24\" border=\"0\"></div>', '2018-12-26 13:02:01', '朝林', '新华社');
INSERT INTO `t_news` VALUES ('22', '述评：中国改革开放宣言的世界回响', '副标题述评：中国改革开放宣言的世界回响', '<div style=\"text-align: center;\"><iframe src=\" \" class=\"video-frame\" style=\"display: none;\"></iframe></div><p>新华社北京12月25日电　<strong><font color=\"navy\">述评：中国改革开放宣言的世界回响</font></strong></p><p>新华社记者</p><p>改革开放40年，深刻改变了中国，深刻影响了世界。这段中国人民创造人类发展史奇迹的伟大历程，也必将载入世界史册。</p><p>中共中央总书记、国家主席、中央军委主席习近平在庆祝改革开放40周年大会上发表重要讲话，面向世界发出新时代改革开放的郑重宣言。</p><p>连日来，国际社会热议讲话，世界从中读到了中国坚持改革开放道路的坚定决心，读到了中国进一步开放合作的满满诚意，读到了对发展道路选择的有益启示。</p><p><font color=\"navy\"><strong>道路决定命运</strong></font></p><p>方向决定前途，道路决定命运。走对路，才有出路；路走得对不对，实践是最好的裁判、最硬的标准。</p><p>40年来，中国经济增长之快、延续时间之长，民生水平提升之大，前所未有；40年来，从生产力到生产关系、从经济基础到上层建筑，现代国家治理体系建设全方位推进……“没有其他任何一种道路比改革开放更能让中国走向现代化。”西班牙中国政策观察中心主任胡里奥·里奥斯在研读习近平讲话后发出感叹。</p><p>“这的确是一段波澜壮阔的过程，改革开放之路极大改变了中国面貌。”泰国前副总理披尼·扎禄颂巴赞叹道。</p><p>唯有志不改，道不变，中国才能牢牢掌握自己的命运。习近平在讲话中强调，必须坚持走中国特色社会主义道路，不断坚持和发展中国特色社会主义。</p><p>这是一条思想解放之路。</p><p>实践发展永无止境，解放思想永无止境。只有解放思想，才有敢想敢干的智慧勇气，才能激发人民群众的创造伟力。里奥斯认为，“是解放思想，让中国特色社会主义建设向前发展，与时俱进，让中国特色社会主义理论体系不断完善，中国和中国共产党才能对不断变化的时代始终做出正确回应。”</p><p>这是一条顺应民心之路。</p><p>为中国人民谋幸福，为中华民族谋复兴，为人类谋大同，是中国共产党人的初心和使命，也是改革开放的初心和使命。“中国共产党初心不改，正是以人民为中心的执政理念，让中国共产党开启改革开放并带领人民走向富裕。”尼日利亚阿布贾大学政治学副教授谢利夫·易卜拉辛如是说。</p><p>这是一条自我革新之路。</p><p>中国共产党领导是中国特色社会主义最本质的特征，是中国特色社会主义制度的最大优势。“中国改革开放的成功得益于一个坚强、睿智、不断自我革新的领导层，他们充分了解国情和人民需求，始终坚持以经济建设为中心。”从习近平讲话中，阿塞拜疆国家科学院东方研究所拉菲克·阿巴索夫教授得出这样的结论。</p><p>这是一条拥抱世界之路。</p><p>开放带来进步，封闭必然落后，是改革开放40年带给世人的重要启示。“习近平主席传递的开放决心无比重要，他告诉世界，伟大的改革开放还要继续下去，这是推动全球进步的重要决定。”英国剑桥大学教授艾伦·巴雷尔这样认为。</p><p><font color=\"navy\"><strong>开放带来进步</strong></font></p><p>中国的发展离不开世界，世界的繁荣也需要中国。</p><p>40年来，中国从封闭半封闭走到全方位开放，在积极推进经济全球化进程中成长为全球第二大经济体。中国积极推动建设开放型世界经济、构建人类命运共同体，促进全球治理体系变革，旗帜鲜明反对霸权主义和强权政治，为世界和平与发展不断贡献中国智慧、中国方案、中国力量，日益走近世界舞台中央。</p><p>中国发展受益于世界，又以自身发展推动世界和平与发展，改革开放正是中国和世界共同发展进步的非凡历程。</p><p>这是一段建设世界和平的非凡历程。</p><p>历史证明，中国的发展是和平力量的发展。印度中国研究所前所长莫汉蒂说，习近平主席讲话体现了中国在发展经济的同时，始终保持对国际社会的责任感，担当起促进全球和平与发展的使命。德国联邦议院德国-中国小组副主席罗比·施伦德指出，全球化的停滞和不平衡发展带来冲突甚至战争的威胁。中国这个拥有强大经济实力的开拓者，正在为建立和平的地球村作出自己的贡献。</p><p>这是一段推动全球发展的非凡历程。</p><p>从引进来到走出去，从加入世贸组织到共建“一带一路”，中国连续多年对世界经济增长贡献率超过30%，成为世界经济增长的主要稳定器和动力源。拉菲克表示，中国经济的发展在世界上不仅起到火车头作用，而且还是世界经济的重要稳定器。在应对国际金融危机过程中，中国发挥了独特作用。共同社客座评论委员冈田充说，改革开放不仅使中国获得飞跃性发展，也使亚洲成为世界的增长中心。</p><p>这是一段维护国际秩序的非凡历程。</p><p>在当前贸易保护主义和单边主义不断抬头的背景下，中国支持开放、透明、包容、非歧视性的多边贸易体制，促进贸易投资自由化便利化，并积极参与全球治理体系改革和建设。德国联邦议院国防委员会委员格罗尔德·奥滕认为，从支持以联合国为核心的战后国际体系到强调二十国集团等多边平台作用，中国深度融入国际体系并成为国际安全发展的稳定器。</p><p>“前进道路上，我们必须高举和平、发展、合作、共赢的旗帜，恪守维护世界和平、促进共同发展的外交政策宗旨，推动建设相互尊重、公平正义、合作共赢的新型国际关系。”改革开放40年的历史节点上，习近平在讲话中庄重宣示。</p><p><strong><font color=\"navy\">思想启迪未来</font></strong></p><p>在新时代改革开放的重要宣示中，习近平多次提及“人类”“世界”“发展”。这是中国把坚持改革开放与促进世界进步紧密相连的印证。</p><p>中国改革开放40年，是独立自强、勤政善治、稳定发展的生动范例，为世界各国破解道路选择之惑、理论探索之困、国家发展之难，消除和平、发展和治理赤字提供了崭新启示。</p><p>从这次重要宣示中，世界收获了国家自主选择发展道路的宝贵经验。</p><p>中国人民的成功实践昭示世人，通向现代化的道路不止一条，只要找准正确方向、驰而不息，条条大路通罗马。40年的实践充分证明，中国发展为广大发展中国家走向现代化提供了成功经验、展现了光明前景。</p><p>尼日利亚中国研究中心主任查尔斯·奥努纳伊朱说，中国为非洲提供了榜样，非洲可以对照寻找适合自己的发展道路。肯尼亚内罗毕大学国际经济学学者盖里雄·伊基亚拉说，改革开放提供了一种消除贫困、实现经济转型的借鉴模式。</p><p>从这次重要宣示中，世界读到了中国开放包容理念的丰富内涵。</p><p>意大利中国基金会商业研究中心高级研究员菲利波·法苏洛说，改革开放的发展模式以及中国与伙伴国家的互利合作，给世界其他国家树立了榜样。西班牙《对外政策》刊文说，当前世界背景下，理解中国走过的路，有助于政治家们决定下一步怎么走。</p><p>从这次重要宣示中，世界看到了中国顺应历史潮流、与时代同行的大方向。</p><p>俄罗斯人民友谊大学教授尤里·塔夫罗夫斯基在俄《独立报》撰文说，中国改革开放是全世界范围内规模最大的试验。“它显然已经成功，中国人民将跨越历史长河，向着梦想前进。”</p><p>40年栉风沐雨，40年砥砺奋进。新时代，中国改革开放的宣言正在激发广泛而深远的世界回响。（参与记者：范伟国、杨舟、郭求达、郭骏、杨臻、李铭、李洁、孙晓玲、赵旭、任珂）</p><div class=\"lb\"><div class=\"standard_lb\"><span class=\"tj\">图集</span> <span class=\"origin\"></span><div class=\"swiper-container2\" id=\"swiperContainer2\"><div class=\"swiper-wrapper\"> </div><div class=\"swiper-pagination\"></div><div class=\"swiper_arrow arrow_left s_arrow_left\"></div><div class=\"swiper_arrow arrow_right s_arrow_right\"></div><div class=\"swiper-scrollbar\"></div><span class=\"lb-left s_arrow_left\"></span> <span class=\"lb-right s_arrow_right\"></span> </div></div></div><div class=\"zan-wap\"><a href=\"javascript:void(0);\" class=\"zan\"> </a><div class=\"zan-i\">+1</div><div class=\"zan-v\"> <span></span> </div></div><div class=\"p-tags\" id=\"\"><div class=\"p-kwap\" style=\"display: none;\"><a href=\"javascript:void(0);\">世界发展</a><a href=\"javascript:void(0);\">改革开放</a><a href=\"javascript:void(0);\">经济</a></div><span class=\"p-jc\"><span class=\"tiyi1\"><a href=\"javascript:void(0);\" class=\"advise\">【纠错】</a><div class=\"tiyi01\" id=\"advisebox01\" style=\"display:none\"><div><iframe id=\"jc_link1\" style=\"width:600px;height:350px; float:left;\" border=\"0\" name=\"search\" marginwidth=\"0\" framespacing=\"0\" marginheight=\"0\" frameborder=\"0\" noresize=\"\" scrolling=\"no\" vspale=\"0\"></iframe></div><div class=\"tiyi03\"><div id=\"jc_close1\" style=\"cursor:pointer\"><img src=\"http://www.xinhuanet.com/images/syicon/space.gif\" width=\"24\" height=\"24\" border=\"0\"></div>', '2018-12-26 13:02:01', '朝林', '新华社');
INSERT INTO `t_news` VALUES ('23', '述评：中国改革开放宣言的世界回响', '副标题述评：中国改革开放宣言的世界回响', '<div style=\"text-align: center;\"><iframe src=\" \" class=\"video-frame\" style=\"display: none;\"></iframe></div><p>新华社北京12月25日电　<strong><font color=\"navy\">述评：中国改革开放宣言的世界回响</font></strong></p><p>新华社记者</p><p>改革开放40年，深刻改变了中国，深刻影响了世界。这段中国人民创造人类发展史奇迹的伟大历程，也必将载入世界史册。</p><p>中共中央总书记、国家主席、中央军委主席习近平在庆祝改革开放40周年大会上发表重要讲话，面向世界发出新时代改革开放的郑重宣言。</p><p>连日来，国际社会热议讲话，世界从中读到了中国坚持改革开放道路的坚定决心，读到了中国进一步开放合作的满满诚意，读到了对发展道路选择的有益启示。</p><p><font color=\"navy\"><strong>道路决定命运</strong></font></p><p>方向决定前途，道路决定命运。走对路，才有出路；路走得对不对，实践是最好的裁判、最硬的标准。</p><p>40年来，中国经济增长之快、延续时间之长，民生水平提升之大，前所未有；40年来，从生产力到生产关系、从经济基础到上层建筑，现代国家治理体系建设全方位推进……“没有其他任何一种道路比改革开放更能让中国走向现代化。”西班牙中国政策观察中心主任胡里奥·里奥斯在研读习近平讲话后发出感叹。</p><p>“这的确是一段波澜壮阔的过程，改革开放之路极大改变了中国面貌。”泰国前副总理披尼·扎禄颂巴赞叹道。</p><p>唯有志不改，道不变，中国才能牢牢掌握自己的命运。习近平在讲话中强调，必须坚持走中国特色社会主义道路，不断坚持和发展中国特色社会主义。</p><p>这是一条思想解放之路。</p><p>实践发展永无止境，解放思想永无止境。只有解放思想，才有敢想敢干的智慧勇气，才能激发人民群众的创造伟力。里奥斯认为，“是解放思想，让中国特色社会主义建设向前发展，与时俱进，让中国特色社会主义理论体系不断完善，中国和中国共产党才能对不断变化的时代始终做出正确回应。”</p><p>这是一条顺应民心之路。</p><p>为中国人民谋幸福，为中华民族谋复兴，为人类谋大同，是中国共产党人的初心和使命，也是改革开放的初心和使命。“中国共产党初心不改，正是以人民为中心的执政理念，让中国共产党开启改革开放并带领人民走向富裕。”尼日利亚阿布贾大学政治学副教授谢利夫·易卜拉辛如是说。</p><p>这是一条自我革新之路。</p><p>中国共产党领导是中国特色社会主义最本质的特征，是中国特色社会主义制度的最大优势。“中国改革开放的成功得益于一个坚强、睿智、不断自我革新的领导层，他们充分了解国情和人民需求，始终坚持以经济建设为中心。”从习近平讲话中，阿塞拜疆国家科学院东方研究所拉菲克·阿巴索夫教授得出这样的结论。</p><p>这是一条拥抱世界之路。</p><p>开放带来进步，封闭必然落后，是改革开放40年带给世人的重要启示。“习近平主席传递的开放决心无比重要，他告诉世界，伟大的改革开放还要继续下去，这是推动全球进步的重要决定。”英国剑桥大学教授艾伦·巴雷尔这样认为。</p><p><font color=\"navy\"><strong>开放带来进步</strong></font></p><p>中国的发展离不开世界，世界的繁荣也需要中国。</p><p>40年来，中国从封闭半封闭走到全方位开放，在积极推进经济全球化进程中成长为全球第二大经济体。中国积极推动建设开放型世界经济、构建人类命运共同体，促进全球治理体系变革，旗帜鲜明反对霸权主义和强权政治，为世界和平与发展不断贡献中国智慧、中国方案、中国力量，日益走近世界舞台中央。</p><p>中国发展受益于世界，又以自身发展推动世界和平与发展，改革开放正是中国和世界共同发展进步的非凡历程。</p><p>这是一段建设世界和平的非凡历程。</p><p>历史证明，中国的发展是和平力量的发展。印度中国研究所前所长莫汉蒂说，习近平主席讲话体现了中国在发展经济的同时，始终保持对国际社会的责任感，担当起促进全球和平与发展的使命。德国联邦议院德国-中国小组副主席罗比·施伦德指出，全球化的停滞和不平衡发展带来冲突甚至战争的威胁。中国这个拥有强大经济实力的开拓者，正在为建立和平的地球村作出自己的贡献。</p><p>这是一段推动全球发展的非凡历程。</p><p>从引进来到走出去，从加入世贸组织到共建“一带一路”，中国连续多年对世界经济增长贡献率超过30%，成为世界经济增长的主要稳定器和动力源。拉菲克表示，中国经济的发展在世界上不仅起到火车头作用，而且还是世界经济的重要稳定器。在应对国际金融危机过程中，中国发挥了独特作用。共同社客座评论委员冈田充说，改革开放不仅使中国获得飞跃性发展，也使亚洲成为世界的增长中心。</p><p>这是一段维护国际秩序的非凡历程。</p><p>在当前贸易保护主义和单边主义不断抬头的背景下，中国支持开放、透明、包容、非歧视性的多边贸易体制，促进贸易投资自由化便利化，并积极参与全球治理体系改革和建设。德国联邦议院国防委员会委员格罗尔德·奥滕认为，从支持以联合国为核心的战后国际体系到强调二十国集团等多边平台作用，中国深度融入国际体系并成为国际安全发展的稳定器。</p><p>“前进道路上，我们必须高举和平、发展、合作、共赢的旗帜，恪守维护世界和平、促进共同发展的外交政策宗旨，推动建设相互尊重、公平正义、合作共赢的新型国际关系。”改革开放40年的历史节点上，习近平在讲话中庄重宣示。</p><p><strong><font color=\"navy\">思想启迪未来</font></strong></p><p>在新时代改革开放的重要宣示中，习近平多次提及“人类”“世界”“发展”。这是中国把坚持改革开放与促进世界进步紧密相连的印证。</p><p>中国改革开放40年，是独立自强、勤政善治、稳定发展的生动范例，为世界各国破解道路选择之惑、理论探索之困、国家发展之难，消除和平、发展和治理赤字提供了崭新启示。</p><p>从这次重要宣示中，世界收获了国家自主选择发展道路的宝贵经验。</p><p>中国人民的成功实践昭示世人，通向现代化的道路不止一条，只要找准正确方向、驰而不息，条条大路通罗马。40年的实践充分证明，中国发展为广大发展中国家走向现代化提供了成功经验、展现了光明前景。</p><p>尼日利亚中国研究中心主任查尔斯·奥努纳伊朱说，中国为非洲提供了榜样，非洲可以对照寻找适合自己的发展道路。肯尼亚内罗毕大学国际经济学学者盖里雄·伊基亚拉说，改革开放提供了一种消除贫困、实现经济转型的借鉴模式。</p><p>从这次重要宣示中，世界读到了中国开放包容理念的丰富内涵。</p><p>意大利中国基金会商业研究中心高级研究员菲利波·法苏洛说，改革开放的发展模式以及中国与伙伴国家的互利合作，给世界其他国家树立了榜样。西班牙《对外政策》刊文说，当前世界背景下，理解中国走过的路，有助于政治家们决定下一步怎么走。</p><p>从这次重要宣示中，世界看到了中国顺应历史潮流、与时代同行的大方向。</p><p>俄罗斯人民友谊大学教授尤里·塔夫罗夫斯基在俄《独立报》撰文说，中国改革开放是全世界范围内规模最大的试验。“它显然已经成功，中国人民将跨越历史长河，向着梦想前进。”</p><p>40年栉风沐雨，40年砥砺奋进。新时代，中国改革开放的宣言正在激发广泛而深远的世界回响。（参与记者：范伟国、杨舟、郭求达、郭骏、杨臻、李铭、李洁、孙晓玲、赵旭、任珂）</p><div class=\"lb\"><div class=\"standard_lb\"><span class=\"tj\">图集</span> <span class=\"origin\"></span><div class=\"swiper-container2\" id=\"swiperContainer2\"><div class=\"swiper-wrapper\"> </div><div class=\"swiper-pagination\"></div><div class=\"swiper_arrow arrow_left s_arrow_left\"></div><div class=\"swiper_arrow arrow_right s_arrow_right\"></div><div class=\"swiper-scrollbar\"></div><span class=\"lb-left s_arrow_left\"></span> <span class=\"lb-right s_arrow_right\"></span> </div></div></div><div class=\"zan-wap\"><a href=\"javascript:void(0);\" class=\"zan\"> </a><div class=\"zan-i\">+1</div><div class=\"zan-v\"> <span></span> </div></div><div class=\"p-tags\" id=\"\"><div class=\"p-kwap\" style=\"display: none;\"><a href=\"javascript:void(0);\">世界发展</a><a href=\"javascript:void(0);\">改革开放</a><a href=\"javascript:void(0);\">经济</a></div><span class=\"p-jc\"><span class=\"tiyi1\"><a href=\"javascript:void(0);\" class=\"advise\">【纠错】</a><div class=\"tiyi01\" id=\"advisebox01\" style=\"display:none\"><div><iframe id=\"jc_link1\" style=\"width:600px;height:350px; float:left;\" border=\"0\" name=\"search\" marginwidth=\"0\" framespacing=\"0\" marginheight=\"0\" frameborder=\"0\" noresize=\"\" scrolling=\"no\" vspale=\"0\"></iframe></div><div class=\"tiyi03\"><div id=\"jc_close1\" style=\"cursor:pointer\"><img src=\"http://www.xinhuanet.com/images/syicon/space.gif\" width=\"24\" height=\"24\" border=\"0\"></div>', '2018-12-26 13:02:01', '朝林', '新华社');
INSERT INTO `t_news` VALUES ('24', '述评：中国改革开放宣言的世界回响', '副标题述评：中国改革开放宣言的世界回响', '<div style=\"text-align: center;\"><iframe src=\" \" class=\"video-frame\" style=\"display: none;\"></iframe></div><p>新华社北京12月25日电　<strong><font color=\"navy\">述评：中国改革开放宣言的世界回响</font></strong></p><p>新华社记者</p><p>改革开放40年，深刻改变了中国，深刻影响了世界。这段中国人民创造人类发展史奇迹的伟大历程，也必将载入世界史册。</p><p>中共中央总书记、国家主席、中央军委主席习近平在庆祝改革开放40周年大会上发表重要讲话，面向世界发出新时代改革开放的郑重宣言。</p><p>连日来，国际社会热议讲话，世界从中读到了中国坚持改革开放道路的坚定决心，读到了中国进一步开放合作的满满诚意，读到了对发展道路选择的有益启示。</p><p><font color=\"navy\"><strong>道路决定命运</strong></font></p><p>方向决定前途，道路决定命运。走对路，才有出路；路走得对不对，实践是最好的裁判、最硬的标准。</p><p>40年来，中国经济增长之快、延续时间之长，民生水平提升之大，前所未有；40年来，从生产力到生产关系、从经济基础到上层建筑，现代国家治理体系建设全方位推进……“没有其他任何一种道路比改革开放更能让中国走向现代化。”西班牙中国政策观察中心主任胡里奥·里奥斯在研读习近平讲话后发出感叹。</p><p>“这的确是一段波澜壮阔的过程，改革开放之路极大改变了中国面貌。”泰国前副总理披尼·扎禄颂巴赞叹道。</p><p>唯有志不改，道不变，中国才能牢牢掌握自己的命运。习近平在讲话中强调，必须坚持走中国特色社会主义道路，不断坚持和发展中国特色社会主义。</p><p>这是一条思想解放之路。</p><p>实践发展永无止境，解放思想永无止境。只有解放思想，才有敢想敢干的智慧勇气，才能激发人民群众的创造伟力。里奥斯认为，“是解放思想，让中国特色社会主义建设向前发展，与时俱进，让中国特色社会主义理论体系不断完善，中国和中国共产党才能对不断变化的时代始终做出正确回应。”</p><p>这是一条顺应民心之路。</p><p>为中国人民谋幸福，为中华民族谋复兴，为人类谋大同，是中国共产党人的初心和使命，也是改革开放的初心和使命。“中国共产党初心不改，正是以人民为中心的执政理念，让中国共产党开启改革开放并带领人民走向富裕。”尼日利亚阿布贾大学政治学副教授谢利夫·易卜拉辛如是说。</p><p>这是一条自我革新之路。</p><p>中国共产党领导是中国特色社会主义最本质的特征，是中国特色社会主义制度的最大优势。“中国改革开放的成功得益于一个坚强、睿智、不断自我革新的领导层，他们充分了解国情和人民需求，始终坚持以经济建设为中心。”从习近平讲话中，阿塞拜疆国家科学院东方研究所拉菲克·阿巴索夫教授得出这样的结论。</p><p>这是一条拥抱世界之路。</p><p>开放带来进步，封闭必然落后，是改革开放40年带给世人的重要启示。“习近平主席传递的开放决心无比重要，他告诉世界，伟大的改革开放还要继续下去，这是推动全球进步的重要决定。”英国剑桥大学教授艾伦·巴雷尔这样认为。</p><p><font color=\"navy\"><strong>开放带来进步</strong></font></p><p>中国的发展离不开世界，世界的繁荣也需要中国。</p><p>40年来，中国从封闭半封闭走到全方位开放，在积极推进经济全球化进程中成长为全球第二大经济体。中国积极推动建设开放型世界经济、构建人类命运共同体，促进全球治理体系变革，旗帜鲜明反对霸权主义和强权政治，为世界和平与发展不断贡献中国智慧、中国方案、中国力量，日益走近世界舞台中央。</p><p>中国发展受益于世界，又以自身发展推动世界和平与发展，改革开放正是中国和世界共同发展进步的非凡历程。</p><p>这是一段建设世界和平的非凡历程。</p><p>历史证明，中国的发展是和平力量的发展。印度中国研究所前所长莫汉蒂说，习近平主席讲话体现了中国在发展经济的同时，始终保持对国际社会的责任感，担当起促进全球和平与发展的使命。德国联邦议院德国-中国小组副主席罗比·施伦德指出，全球化的停滞和不平衡发展带来冲突甚至战争的威胁。中国这个拥有强大经济实力的开拓者，正在为建立和平的地球村作出自己的贡献。</p><p>这是一段推动全球发展的非凡历程。</p><p>从引进来到走出去，从加入世贸组织到共建“一带一路”，中国连续多年对世界经济增长贡献率超过30%，成为世界经济增长的主要稳定器和动力源。拉菲克表示，中国经济的发展在世界上不仅起到火车头作用，而且还是世界经济的重要稳定器。在应对国际金融危机过程中，中国发挥了独特作用。共同社客座评论委员冈田充说，改革开放不仅使中国获得飞跃性发展，也使亚洲成为世界的增长中心。</p><p>这是一段维护国际秩序的非凡历程。</p><p>在当前贸易保护主义和单边主义不断抬头的背景下，中国支持开放、透明、包容、非歧视性的多边贸易体制，促进贸易投资自由化便利化，并积极参与全球治理体系改革和建设。德国联邦议院国防委员会委员格罗尔德·奥滕认为，从支持以联合国为核心的战后国际体系到强调二十国集团等多边平台作用，中国深度融入国际体系并成为国际安全发展的稳定器。</p><p>“前进道路上，我们必须高举和平、发展、合作、共赢的旗帜，恪守维护世界和平、促进共同发展的外交政策宗旨，推动建设相互尊重、公平正义、合作共赢的新型国际关系。”改革开放40年的历史节点上，习近平在讲话中庄重宣示。</p><p><strong><font color=\"navy\">思想启迪未来</font></strong></p><p>在新时代改革开放的重要宣示中，习近平多次提及“人类”“世界”“发展”。这是中国把坚持改革开放与促进世界进步紧密相连的印证。</p><p>中国改革开放40年，是独立自强、勤政善治、稳定发展的生动范例，为世界各国破解道路选择之惑、理论探索之困、国家发展之难，消除和平、发展和治理赤字提供了崭新启示。</p><p>从这次重要宣示中，世界收获了国家自主选择发展道路的宝贵经验。</p><p>中国人民的成功实践昭示世人，通向现代化的道路不止一条，只要找准正确方向、驰而不息，条条大路通罗马。40年的实践充分证明，中国发展为广大发展中国家走向现代化提供了成功经验、展现了光明前景。</p><p>尼日利亚中国研究中心主任查尔斯·奥努纳伊朱说，中国为非洲提供了榜样，非洲可以对照寻找适合自己的发展道路。肯尼亚内罗毕大学国际经济学学者盖里雄·伊基亚拉说，改革开放提供了一种消除贫困、实现经济转型的借鉴模式。</p><p>从这次重要宣示中，世界读到了中国开放包容理念的丰富内涵。</p><p>意大利中国基金会商业研究中心高级研究员菲利波·法苏洛说，改革开放的发展模式以及中国与伙伴国家的互利合作，给世界其他国家树立了榜样。西班牙《对外政策》刊文说，当前世界背景下，理解中国走过的路，有助于政治家们决定下一步怎么走。</p><p>从这次重要宣示中，世界看到了中国顺应历史潮流、与时代同行的大方向。</p><p>俄罗斯人民友谊大学教授尤里·塔夫罗夫斯基在俄《独立报》撰文说，中国改革开放是全世界范围内规模最大的试验。“它显然已经成功，中国人民将跨越历史长河，向着梦想前进。”</p><p>40年栉风沐雨，40年砥砺奋进。新时代，中国改革开放的宣言正在激发广泛而深远的世界回响。（参与记者：范伟国、杨舟、郭求达、郭骏、杨臻、李铭、李洁、孙晓玲、赵旭、任珂）</p><div class=\"lb\"><div class=\"standard_lb\"><span class=\"tj\">图集</span> <span class=\"origin\"></span><div class=\"swiper-container2\" id=\"swiperContainer2\"><div class=\"swiper-wrapper\"> </div><div class=\"swiper-pagination\"></div><div class=\"swiper_arrow arrow_left s_arrow_left\"></div><div class=\"swiper_arrow arrow_right s_arrow_right\"></div><div class=\"swiper-scrollbar\"></div><span class=\"lb-left s_arrow_left\"></span> <span class=\"lb-right s_arrow_right\"></span> </div></div></div><div class=\"zan-wap\"><a href=\"javascript:void(0);\" class=\"zan\"> </a><div class=\"zan-i\">+1</div><div class=\"zan-v\"> <span></span> </div></div><div class=\"p-tags\" id=\"\"><div class=\"p-kwap\" style=\"display: none;\"><a href=\"javascript:void(0);\">世界发展</a><a href=\"javascript:void(0);\">改革开放</a><a href=\"javascript:void(0);\">经济</a></div><span class=\"p-jc\"><span class=\"tiyi1\"><a href=\"javascript:void(0);\" class=\"advise\">【纠错】</a><div class=\"tiyi01\" id=\"advisebox01\" style=\"display:none\"><div><iframe id=\"jc_link1\" style=\"width:600px;height:350px; float:left;\" border=\"0\" name=\"search\" marginwidth=\"0\" framespacing=\"0\" marginheight=\"0\" frameborder=\"0\" noresize=\"\" scrolling=\"no\" vspale=\"0\"></iframe></div><div class=\"tiyi03\"><div id=\"jc_close1\" style=\"cursor:pointer\"><img src=\"http://www.xinhuanet.com/images/syicon/space.gif\" width=\"24\" height=\"24\" border=\"0\"></div>', '2018-12-26 13:02:01', '朝林', '新华社');
INSERT INTO `t_news` VALUES ('25', '曝杜兰特逼勇士交易格林：不要再跟我扯其它的，我现在只想要钱！', '副标题曝杜兰特逼勇士交易格林：不要再跟我扯其它的，我现在只想要钱！', '<p data-role=\"original-title\" style=\"display:none\">原标题：曝杜兰特逼勇士交易格林：不要再跟我扯其它的，我现在只想要钱！</p><p class=\"ql-align-justify\"> 北京时间12月25日，据NBC体育报道，杜兰特最近在谈到下一份合同时表示，他希望可能签到最大的合同，他说：“我只是想确保我在自己下一份合同中能够尽量拿到更多的钱，这样我可以把我的钱积攒起来，解决钱的问题。这一次没人能够在招募我，你可不能给我一些华而不实的东西，那种华而不实的东西现在真的打动不了我了。”</p> <p class=\"ql-align-justify\"><img src=\"http://5b0988e595225.cdn.sohucs.com/images/20181225/e26074777f87473ca01d7ee04c6afdef.jpeg\" max-width=\"600\"></p> <p class=\"ql-align-justify\"> 杜兰特这样说，也意味着向勇士管理层逼宫，意思就是想留我可以，要么给我顶薪，不给我就走人，去能给我顶薪的球队。明年夏天，杜兰特可以跟勇士签定一份5年2.2亿美元的顶薪合同，平均年薪高达4400万美元，加上库里的4000万年薪，这两人就要占掉勇士8000万的薪金空间。</p> <p class=\"ql-align-justify\"><img src=\"http://5b0988e595225.cdn.sohucs.com/images/20181225/09cb55353802460784e832de2f673b84.jpeg\" max-width=\"600\"></p> <p class=\"ql-align-justify\"> 如果勇士要留下杜兰特，那么格林就必定走，因为他曾经拒绝了勇士4年1.1亿美元的续约合同，勇士若留下杜兰特，必定不能给格林超过2000万美元的年薪，以格林的性格来说，他肯定不会降薪留在勇士。所以杜兰这样说，分明是在逼勇士管理层做选择，要么留下我， 要么送走格林。</p> <p><strong>（推理题）:一个老人死后的照片，是谁杀了他？</strong></p> <p><img src=\"http://5b0988e595225.cdn.sohucs.com/images/20181225/28a601dbd8c5494290aebc3d4b1d02b8.jpeg\" max-width=\"600\"></p> <p class=\"ql-align-justify\"><strong>答案已经发布在微信公众号：yqlqba(长按可复制)，关注后回复“老人”即可知道答案！</strong><a href=\"http://www.sohu.com/?strategyid=00001&amp;spm=smpc.content.content.5.1545794474531rTWe6ug\" target=\"_blank\" title=\"点击进入搜狐首页\" id=\"backsohucom\" style=\"white-space: nowrap;\" data-spm-data=\"5\"><span class=\"backword\"><i class=\"backsohu\"></i>返回搜狐，查看更多</span></a></p>      <p data-role=\"editor-name\">责任编辑：<span></span></p>', '2018-12-26 13:02:01', '朝林', '新华社');
INSERT INTO `t_news` VALUES ('26', '曝杜兰特逼勇士交易格林：不要再跟我扯其它的，我现在只想要钱！', '副标题曝杜兰特逼勇士交易格林：不要再跟我扯其它的，我现在只想要钱！', '<p data-role=\"original-title\" style=\"display:none\">原标题：曝杜兰特逼勇士交易格林：不要再跟我扯其它的，我现在只想要钱！</p><p class=\"ql-align-justify\"> 北京时间12月25日，据NBC体育报道，杜兰特最近在谈到下一份合同时表示，他希望可能签到最大的合同，他说：“我只是想确保我在自己下一份合同中能够尽量拿到更多的钱，这样我可以把我的钱积攒起来，解决钱的问题。这一次没人能够在招募我，你可不能给我一些华而不实的东西，那种华而不实的东西现在真的打动不了我了。”</p> <p class=\"ql-align-justify\"><img src=\"http://5b0988e595225.cdn.sohucs.com/images/20181225/e26074777f87473ca01d7ee04c6afdef.jpeg\" max-width=\"600\"></p> <p class=\"ql-align-justify\"> 杜兰特这样说，也意味着向勇士管理层逼宫，意思就是想留我可以，要么给我顶薪，不给我就走人，去能给我顶薪的球队。明年夏天，杜兰特可以跟勇士签定一份5年2.2亿美元的顶薪合同，平均年薪高达4400万美元，加上库里的4000万年薪，这两人就要占掉勇士8000万的薪金空间。</p> <p class=\"ql-align-justify\"><img src=\"http://5b0988e595225.cdn.sohucs.com/images/20181225/09cb55353802460784e832de2f673b84.jpeg\" max-width=\"600\"></p> <p class=\"ql-align-justify\"> 如果勇士要留下杜兰特，那么格林就必定走，因为他曾经拒绝了勇士4年1.1亿美元的续约合同，勇士若留下杜兰特，必定不能给格林超过2000万美元的年薪，以格林的性格来说，他肯定不会降薪留在勇士。所以杜兰这样说，分明是在逼勇士管理层做选择，要么留下我， 要么送走格林。</p> <p><strong>（推理题）:一个老人死后的照片，是谁杀了他？</strong></p> <p><img src=\"http://5b0988e595225.cdn.sohucs.com/images/20181225/28a601dbd8c5494290aebc3d4b1d02b8.jpeg\" max-width=\"600\"></p> <p class=\"ql-align-justify\"><strong>答案已经发布在微信公众号：yqlqba(长按可复制)，关注后回复“老人”即可知道答案！</strong><a href=\"http://www.sohu.com/?strategyid=00001&amp;spm=smpc.content.content.5.1545794474531rTWe6ug\" target=\"_blank\" title=\"点击进入搜狐首页\" id=\"backsohucom\" style=\"white-space: nowrap;\" data-spm-data=\"5\"><span class=\"backword\"><i class=\"backsohu\"></i>返回搜狐，查看更多</span></a></p>      <p data-role=\"editor-name\">责任编辑：<span></span></p>', '2018-12-26 13:02:01', '朝林', '新华社');
INSERT INTO `t_news` VALUES ('27', '曝杜兰特逼勇士交易格林：不要再跟我扯其它的，我现在只想要钱！', '副标题曝杜兰特逼勇士交易格林：不要再跟我扯其它的，我现在只想要钱！', '<p data-role=\"original-title\" style=\"display:none\">原标题：曝杜兰特逼勇士交易格林：不要再跟我扯其它的，我现在只想要钱！</p><p class=\"ql-align-justify\"> 北京时间12月25日，据NBC体育报道，杜兰特最近在谈到下一份合同时表示，他希望可能签到最大的合同，他说：“我只是想确保我在自己下一份合同中能够尽量拿到更多的钱，这样我可以把我的钱积攒起来，解决钱的问题。这一次没人能够在招募我，你可不能给我一些华而不实的东西，那种华而不实的东西现在真的打动不了我了。”</p> <p class=\"ql-align-justify\"><img src=\"http://5b0988e595225.cdn.sohucs.com/images/20181225/e26074777f87473ca01d7ee04c6afdef.jpeg\" max-width=\"600\"></p> <p class=\"ql-align-justify\"> 杜兰特这样说，也意味着向勇士管理层逼宫，意思就是想留我可以，要么给我顶薪，不给我就走人，去能给我顶薪的球队。明年夏天，杜兰特可以跟勇士签定一份5年2.2亿美元的顶薪合同，平均年薪高达4400万美元，加上库里的4000万年薪，这两人就要占掉勇士8000万的薪金空间。</p> <p class=\"ql-align-justify\"><img src=\"http://5b0988e595225.cdn.sohucs.com/images/20181225/09cb55353802460784e832de2f673b84.jpeg\" max-width=\"600\"></p> <p class=\"ql-align-justify\"> 如果勇士要留下杜兰特，那么格林就必定走，因为他曾经拒绝了勇士4年1.1亿美元的续约合同，勇士若留下杜兰特，必定不能给格林超过2000万美元的年薪，以格林的性格来说，他肯定不会降薪留在勇士。所以杜兰这样说，分明是在逼勇士管理层做选择，要么留下我， 要么送走格林。</p> <p><strong>（推理题）:一个老人死后的照片，是谁杀了他？</strong></p> <p><img src=\"http://5b0988e595225.cdn.sohucs.com/images/20181225/28a601dbd8c5494290aebc3d4b1d02b8.jpeg\" max-width=\"600\"></p> <p class=\"ql-align-justify\"><strong>答案已经发布在微信公众号：yqlqba(长按可复制)，关注后回复“老人”即可知道答案！</strong><a href=\"http://www.sohu.com/?strategyid=00001&amp;spm=smpc.content.content.5.1545794474531rTWe6ug\" target=\"_blank\" title=\"点击进入搜狐首页\" id=\"backsohucom\" style=\"white-space: nowrap;\" data-spm-data=\"5\"><span class=\"backword\"><i class=\"backsohu\"></i>返回搜狐，查看更多</span></a></p>      <p data-role=\"editor-name\">责任编辑：<span></span></p>', '2018-12-26 13:02:01', '朝林', '新华社');
INSERT INTO `t_news` VALUES ('28', '曝杜兰特逼勇士交易格林：不要再跟我扯其它的，我现在只想要钱！', '副标题曝杜兰特逼勇士交易格林：不要再跟我扯其它的，我现在只想要钱！', '<p data-role=\"original-title\" style=\"display:none\">原标题：曝杜兰特逼勇士交易格林：不要再跟我扯其它的，我现在只想要钱！</p><p class=\"ql-align-justify\"> 北京时间12月25日，据NBC体育报道，杜兰特最近在谈到下一份合同时表示，他希望可能签到最大的合同，他说：“我只是想确保我在自己下一份合同中能够尽量拿到更多的钱，这样我可以把我的钱积攒起来，解决钱的问题。这一次没人能够在招募我，你可不能给我一些华而不实的东西，那种华而不实的东西现在真的打动不了我了。”</p> <p class=\"ql-align-justify\"><img src=\"http://5b0988e595225.cdn.sohucs.com/images/20181225/e26074777f87473ca01d7ee04c6afdef.jpeg\" max-width=\"600\"></p> <p class=\"ql-align-justify\"> 杜兰特这样说，也意味着向勇士管理层逼宫，意思就是想留我可以，要么给我顶薪，不给我就走人，去能给我顶薪的球队。明年夏天，杜兰特可以跟勇士签定一份5年2.2亿美元的顶薪合同，平均年薪高达4400万美元，加上库里的4000万年薪，这两人就要占掉勇士8000万的薪金空间。</p> <p class=\"ql-align-justify\"><img src=\"http://5b0988e595225.cdn.sohucs.com/images/20181225/09cb55353802460784e832de2f673b84.jpeg\" max-width=\"600\"></p> <p class=\"ql-align-justify\"> 如果勇士要留下杜兰特，那么格林就必定走，因为他曾经拒绝了勇士4年1.1亿美元的续约合同，勇士若留下杜兰特，必定不能给格林超过2000万美元的年薪，以格林的性格来说，他肯定不会降薪留在勇士。所以杜兰这样说，分明是在逼勇士管理层做选择，要么留下我， 要么送走格林。</p> <p><strong>（推理题）:一个老人死后的照片，是谁杀了他？</strong></p> <p><img src=\"http://5b0988e595225.cdn.sohucs.com/images/20181225/28a601dbd8c5494290aebc3d4b1d02b8.jpeg\" max-width=\"600\"></p> <p class=\"ql-align-justify\"><strong>答案已经发布在微信公众号：yqlqba(长按可复制)，关注后回复“老人”即可知道答案！</strong><a href=\"http://www.sohu.com/?strategyid=00001&amp;spm=smpc.content.content.5.1545794474531rTWe6ug\" target=\"_blank\" title=\"点击进入搜狐首页\" id=\"backsohucom\" style=\"white-space: nowrap;\" data-spm-data=\"5\"><span class=\"backword\"><i class=\"backsohu\"></i>返回搜狐，查看更多</span></a></p>      <p data-role=\"editor-name\">责任编辑：<span></span></p>', '2018-12-26 13:02:01', '朝林', '新华社');
INSERT INTO `t_news` VALUES ('29', '曝杜兰特逼勇士交易格林：不要再跟我扯其它的，我现在只想要钱！', '副标题曝杜兰特逼勇士交易格林：不要再跟我扯其它的，我现在只想要钱！', '<p data-role=\"original-title\" style=\"display:none\">原标题：曝杜兰特逼勇士交易格林：不要再跟我扯其它的，我现在只想要钱！</p><p class=\"ql-align-justify\"> 北京时间12月25日，据NBC体育报道，杜兰特最近在谈到下一份合同时表示，他希望可能签到最大的合同，他说：“我只是想确保我在自己下一份合同中能够尽量拿到更多的钱，这样我可以把我的钱积攒起来，解决钱的问题。这一次没人能够在招募我，你可不能给我一些华而不实的东西，那种华而不实的东西现在真的打动不了我了。”</p> <p class=\"ql-align-justify\"><img src=\"http://5b0988e595225.cdn.sohucs.com/images/20181225/e26074777f87473ca01d7ee04c6afdef.jpeg\" max-width=\"600\"></p> <p class=\"ql-align-justify\"> 杜兰特这样说，也意味着向勇士管理层逼宫，意思就是想留我可以，要么给我顶薪，不给我就走人，去能给我顶薪的球队。明年夏天，杜兰特可以跟勇士签定一份5年2.2亿美元的顶薪合同，平均年薪高达4400万美元，加上库里的4000万年薪，这两人就要占掉勇士8000万的薪金空间。</p> <p class=\"ql-align-justify\"><img src=\"http://5b0988e595225.cdn.sohucs.com/images/20181225/09cb55353802460784e832de2f673b84.jpeg\" max-width=\"600\"></p> <p class=\"ql-align-justify\"> 如果勇士要留下杜兰特，那么格林就必定走，因为他曾经拒绝了勇士4年1.1亿美元的续约合同，勇士若留下杜兰特，必定不能给格林超过2000万美元的年薪，以格林的性格来说，他肯定不会降薪留在勇士。所以杜兰这样说，分明是在逼勇士管理层做选择，要么留下我， 要么送走格林。</p> <p><strong>（推理题）:一个老人死后的照片，是谁杀了他？</strong></p> <p><img src=\"http://5b0988e595225.cdn.sohucs.com/images/20181225/28a601dbd8c5494290aebc3d4b1d02b8.jpeg\" max-width=\"600\"></p> <p class=\"ql-align-justify\"><strong>答案已经发布在微信公众号：yqlqba(长按可复制)，关注后回复“老人”即可知道答案！</strong><a href=\"http://www.sohu.com/?strategyid=00001&amp;spm=smpc.content.content.5.1545794474531rTWe6ug\" target=\"_blank\" title=\"点击进入搜狐首页\" id=\"backsohucom\" style=\"white-space: nowrap;\" data-spm-data=\"5\"><span class=\"backword\"><i class=\"backsohu\"></i>返回搜狐，查看更多</span></a></p>      <p data-role=\"editor-name\">责任编辑：<span></span></p>', '2018-12-26 13:02:01', '朝林', '新华社');
INSERT INTO `t_news` VALUES ('30', '曝杜兰特逼勇士交易格林：不要再跟我扯其它的，我现在只想要钱！', '副标题曝杜兰特逼勇士交易格林：不要再跟我扯其它的，我现在只想要钱！', '<p data-role=\"original-title\" style=\"display:none\">原标题：曝杜兰特逼勇士交易格林：不要再跟我扯其它的，我现在只想要钱！</p><p class=\"ql-align-justify\"> 北京时间12月25日，据NBC体育报道，杜兰特最近在谈到下一份合同时表示，他希望可能签到最大的合同，他说：“我只是想确保我在自己下一份合同中能够尽量拿到更多的钱，这样我可以把我的钱积攒起来，解决钱的问题。这一次没人能够在招募我，你可不能给我一些华而不实的东西，那种华而不实的东西现在真的打动不了我了。”</p> <p class=\"ql-align-justify\"><img src=\"http://5b0988e595225.cdn.sohucs.com/images/20181225/e26074777f87473ca01d7ee04c6afdef.jpeg\" max-width=\"600\"></p> <p class=\"ql-align-justify\"> 杜兰特这样说，也意味着向勇士管理层逼宫，意思就是想留我可以，要么给我顶薪，不给我就走人，去能给我顶薪的球队。明年夏天，杜兰特可以跟勇士签定一份5年2.2亿美元的顶薪合同，平均年薪高达4400万美元，加上库里的4000万年薪，这两人就要占掉勇士8000万的薪金空间。</p> <p class=\"ql-align-justify\"><img src=\"http://5b0988e595225.cdn.sohucs.com/images/20181225/09cb55353802460784e832de2f673b84.jpeg\" max-width=\"600\"></p> <p class=\"ql-align-justify\"> 如果勇士要留下杜兰特，那么格林就必定走，因为他曾经拒绝了勇士4年1.1亿美元的续约合同，勇士若留下杜兰特，必定不能给格林超过2000万美元的年薪，以格林的性格来说，他肯定不会降薪留在勇士。所以杜兰这样说，分明是在逼勇士管理层做选择，要么留下我， 要么送走格林。</p> <p><strong>（推理题）:一个老人死后的照片，是谁杀了他？</strong></p> <p><img src=\"http://5b0988e595225.cdn.sohucs.com/images/20181225/28a601dbd8c5494290aebc3d4b1d02b8.jpeg\" max-width=\"600\"></p> <p class=\"ql-align-justify\"><strong>答案已经发布在微信公众号：yqlqba(长按可复制)，关注后回复“老人”即可知道答案！</strong><a href=\"http://www.sohu.com/?strategyid=00001&amp;spm=smpc.content.content.5.1545794474531rTWe6ug\" target=\"_blank\" title=\"点击进入搜狐首页\" id=\"backsohucom\" style=\"white-space: nowrap;\" data-spm-data=\"5\"><span class=\"backword\"><i class=\"backsohu\"></i>返回搜狐，查看更多</span></a></p>      <p data-role=\"editor-name\">责任编辑：<span></span></p>', '2018-12-26 13:02:01', '朝林', '新华社');
INSERT INTO `t_news` VALUES ('31', '曝杜兰特逼勇士交易格林：不要再跟我扯其它的，我现在只想要钱！', '副标题曝杜兰特逼勇士交易格林：不要再跟我扯其它的，我现在只想要钱！', '<p data-role=\"original-title\" style=\"display:none\">原标题：曝杜兰特逼勇士交易格林：不要再跟我扯其它的，我现在只想要钱！</p><p class=\"ql-align-justify\"> 北京时间12月25日，据NBC体育报道，杜兰特最近在谈到下一份合同时表示，他希望可能签到最大的合同，他说：“我只是想确保我在自己下一份合同中能够尽量拿到更多的钱，这样我可以把我的钱积攒起来，解决钱的问题。这一次没人能够在招募我，你可不能给我一些华而不实的东西，那种华而不实的东西现在真的打动不了我了。”</p> <p class=\"ql-align-justify\"><img src=\"http://5b0988e595225.cdn.sohucs.com/images/20181225/e26074777f87473ca01d7ee04c6afdef.jpeg\" max-width=\"600\"></p> <p class=\"ql-align-justify\"> 杜兰特这样说，也意味着向勇士管理层逼宫，意思就是想留我可以，要么给我顶薪，不给我就走人，去能给我顶薪的球队。明年夏天，杜兰特可以跟勇士签定一份5年2.2亿美元的顶薪合同，平均年薪高达4400万美元，加上库里的4000万年薪，这两人就要占掉勇士8000万的薪金空间。</p> <p class=\"ql-align-justify\"><img src=\"http://5b0988e595225.cdn.sohucs.com/images/20181225/09cb55353802460784e832de2f673b84.jpeg\" max-width=\"600\"></p> <p class=\"ql-align-justify\"> 如果勇士要留下杜兰特，那么格林就必定走，因为他曾经拒绝了勇士4年1.1亿美元的续约合同，勇士若留下杜兰特，必定不能给格林超过2000万美元的年薪，以格林的性格来说，他肯定不会降薪留在勇士。所以杜兰这样说，分明是在逼勇士管理层做选择，要么留下我， 要么送走格林。</p> <p><strong>（推理题）:一个老人死后的照片，是谁杀了他？</strong></p> <p><img src=\"http://5b0988e595225.cdn.sohucs.com/images/20181225/28a601dbd8c5494290aebc3d4b1d02b8.jpeg\" max-width=\"600\"></p> <p class=\"ql-align-justify\"><strong>答案已经发布在微信公众号：yqlqba(长按可复制)，关注后回复“老人”即可知道答案！</strong><a href=\"http://www.sohu.com/?strategyid=00001&amp;spm=smpc.content.content.5.1545794474531rTWe6ug\" target=\"_blank\" title=\"点击进入搜狐首页\" id=\"backsohucom\" style=\"white-space: nowrap;\" data-spm-data=\"5\"><span class=\"backword\"><i class=\"backsohu\"></i>返回搜狐，查看更多</span></a></p>      <p data-role=\"editor-name\">责任编辑：<span></span></p>', '2018-12-26 13:02:01', '朝林', '新华社');
INSERT INTO `t_news` VALUES ('32', '曝杜兰特逼勇士交易格林：不要再跟我扯其它的，我现在只想要钱！', '副标题曝杜兰特逼勇士交易格林：不要再跟我扯其它的，我现在只想要钱！', '<p data-role=\"original-title\" style=\"display:none\">原标题：曝杜兰特逼勇士交易格林：不要再跟我扯其它的，我现在只想要钱！</p><p class=\"ql-align-justify\"> 北京时间12月25日，据NBC体育报道，杜兰特最近在谈到下一份合同时表示，他希望可能签到最大的合同，他说：“我只是想确保我在自己下一份合同中能够尽量拿到更多的钱，这样我可以把我的钱积攒起来，解决钱的问题。这一次没人能够在招募我，你可不能给我一些华而不实的东西，那种华而不实的东西现在真的打动不了我了。”</p> <p class=\"ql-align-justify\"><img src=\"http://5b0988e595225.cdn.sohucs.com/images/20181225/e26074777f87473ca01d7ee04c6afdef.jpeg\" max-width=\"600\"></p> <p class=\"ql-align-justify\"> 杜兰特这样说，也意味着向勇士管理层逼宫，意思就是想留我可以，要么给我顶薪，不给我就走人，去能给我顶薪的球队。明年夏天，杜兰特可以跟勇士签定一份5年2.2亿美元的顶薪合同，平均年薪高达4400万美元，加上库里的4000万年薪，这两人就要占掉勇士8000万的薪金空间。</p> <p class=\"ql-align-justify\"><img src=\"http://5b0988e595225.cdn.sohucs.com/images/20181225/09cb55353802460784e832de2f673b84.jpeg\" max-width=\"600\"></p> <p class=\"ql-align-justify\"> 如果勇士要留下杜兰特，那么格林就必定走，因为他曾经拒绝了勇士4年1.1亿美元的续约合同，勇士若留下杜兰特，必定不能给格林超过2000万美元的年薪，以格林的性格来说，他肯定不会降薪留在勇士。所以杜兰这样说，分明是在逼勇士管理层做选择，要么留下我， 要么送走格林。</p> <p><strong>（推理题）:一个老人死后的照片，是谁杀了他？</strong></p> <p><img src=\"http://5b0988e595225.cdn.sohucs.com/images/20181225/28a601dbd8c5494290aebc3d4b1d02b8.jpeg\" max-width=\"600\"></p> <p class=\"ql-align-justify\"><strong>答案已经发布在微信公众号：yqlqba(长按可复制)，关注后回复“老人”即可知道答案！</strong><a href=\"http://www.sohu.com/?strategyid=00001&amp;spm=smpc.content.content.5.1545794474531rTWe6ug\" target=\"_blank\" title=\"点击进入搜狐首页\" id=\"backsohucom\" style=\"white-space: nowrap;\" data-spm-data=\"5\"><span class=\"backword\"><i class=\"backsohu\"></i>返回搜狐，查看更多</span></a></p>      <p data-role=\"editor-name\">责任编辑：<span></span></p>', '2018-12-26 13:02:01', '朝林', '新华社');
INSERT INTO `t_news` VALUES ('33', '曝杜兰特逼勇士交易格林：不要再跟我扯其它的，我现在只想要钱！', '副标题曝杜兰特逼勇士交易格林：不要再跟我扯其它的，我现在只想要钱！', '<p data-role=\"original-title\" style=\"display:none\">原标题：曝杜兰特逼勇士交易格林：不要再跟我扯其它的，我现在只想要钱！</p><p class=\"ql-align-justify\"> 北京时间12月25日，据NBC体育报道，杜兰特最近在谈到下一份合同时表示，他希望可能签到最大的合同，他说：“我只是想确保我在自己下一份合同中能够尽量拿到更多的钱，这样我可以把我的钱积攒起来，解决钱的问题。这一次没人能够在招募我，你可不能给我一些华而不实的东西，那种华而不实的东西现在真的打动不了我了。”</p> <p class=\"ql-align-justify\"><img src=\"http://5b0988e595225.cdn.sohucs.com/images/20181225/e26074777f87473ca01d7ee04c6afdef.jpeg\" max-width=\"600\"></p> <p class=\"ql-align-justify\"> 杜兰特这样说，也意味着向勇士管理层逼宫，意思就是想留我可以，要么给我顶薪，不给我就走人，去能给我顶薪的球队。明年夏天，杜兰特可以跟勇士签定一份5年2.2亿美元的顶薪合同，平均年薪高达4400万美元，加上库里的4000万年薪，这两人就要占掉勇士8000万的薪金空间。</p> <p class=\"ql-align-justify\"><img src=\"http://5b0988e595225.cdn.sohucs.com/images/20181225/09cb55353802460784e832de2f673b84.jpeg\" max-width=\"600\"></p> <p class=\"ql-align-justify\"> 如果勇士要留下杜兰特，那么格林就必定走，因为他曾经拒绝了勇士4年1.1亿美元的续约合同，勇士若留下杜兰特，必定不能给格林超过2000万美元的年薪，以格林的性格来说，他肯定不会降薪留在勇士。所以杜兰这样说，分明是在逼勇士管理层做选择，要么留下我， 要么送走格林。</p> <p><strong>（推理题）:一个老人死后的照片，是谁杀了他？</strong></p> <p><img src=\"http://5b0988e595225.cdn.sohucs.com/images/20181225/28a601dbd8c5494290aebc3d4b1d02b8.jpeg\" max-width=\"600\"></p> <p class=\"ql-align-justify\"><strong>答案已经发布在微信公众号：yqlqba(长按可复制)，关注后回复“老人”即可知道答案！</strong><a href=\"http://www.sohu.com/?strategyid=00001&amp;spm=smpc.content.content.5.1545794474531rTWe6ug\" target=\"_blank\" title=\"点击进入搜狐首页\" id=\"backsohucom\" style=\"white-space: nowrap;\" data-spm-data=\"5\"><span class=\"backword\"><i class=\"backsohu\"></i>返回搜狐，查看更多</span></a></p>      <p data-role=\"editor-name\">责任编辑：<span></span></p>', '2018-12-26 13:02:01', '朝林', '新华社');
INSERT INTO `t_news` VALUES ('34', '曝杜兰特逼勇士交易格林：不要再跟我扯其它的，我现在只想要钱！', '副标题曝杜兰特逼勇士交易格林：不要再跟我扯其它的，我现在只想要钱！', '<p data-role=\"original-title\" style=\"display:none\">原标题：曝杜兰特逼勇士交易格林：不要再跟我扯其它的，我现在只想要钱！</p><p class=\"ql-align-justify\"> 北京时间12月25日，据NBC体育报道，杜兰特最近在谈到下一份合同时表示，他希望可能签到最大的合同，他说：“我只是想确保我在自己下一份合同中能够尽量拿到更多的钱，这样我可以把我的钱积攒起来，解决钱的问题。这一次没人能够在招募我，你可不能给我一些华而不实的东西，那种华而不实的东西现在真的打动不了我了。”</p> <p class=\"ql-align-justify\"><img src=\"http://5b0988e595225.cdn.sohucs.com/images/20181225/e26074777f87473ca01d7ee04c6afdef.jpeg\" max-width=\"600\"></p> <p class=\"ql-align-justify\"> 杜兰特这样说，也意味着向勇士管理层逼宫，意思就是想留我可以，要么给我顶薪，不给我就走人，去能给我顶薪的球队。明年夏天，杜兰特可以跟勇士签定一份5年2.2亿美元的顶薪合同，平均年薪高达4400万美元，加上库里的4000万年薪，这两人就要占掉勇士8000万的薪金空间。</p> <p class=\"ql-align-justify\"><img src=\"http://5b0988e595225.cdn.sohucs.com/images/20181225/09cb55353802460784e832de2f673b84.jpeg\" max-width=\"600\"></p> <p class=\"ql-align-justify\"> 如果勇士要留下杜兰特，那么格林就必定走，因为他曾经拒绝了勇士4年1.1亿美元的续约合同，勇士若留下杜兰特，必定不能给格林超过2000万美元的年薪，以格林的性格来说，他肯定不会降薪留在勇士。所以杜兰这样说，分明是在逼勇士管理层做选择，要么留下我， 要么送走格林。</p> <p><strong>（推理题）:一个老人死后的照片，是谁杀了他？</strong></p> <p><img src=\"http://5b0988e595225.cdn.sohucs.com/images/20181225/28a601dbd8c5494290aebc3d4b1d02b8.jpeg\" max-width=\"600\"></p> <p class=\"ql-align-justify\"><strong>答案已经发布在微信公众号：yqlqba(长按可复制)，关注后回复“老人”即可知道答案！</strong><a href=\"http://www.sohu.com/?strategyid=00001&amp;spm=smpc.content.content.5.1545794474531rTWe6ug\" target=\"_blank\" title=\"点击进入搜狐首页\" id=\"backsohucom\" style=\"white-space: nowrap;\" data-spm-data=\"5\"><span class=\"backword\"><i class=\"backsohu\"></i>返回搜狐，查看更多</span></a></p>      <p data-role=\"editor-name\">责任编辑：<span></span></p>', '2018-12-26 13:02:01', '朝林', '新华社');
INSERT INTO `t_news` VALUES ('35', '曝杜兰特逼勇士交易格林：不要再跟我扯其它的，我现在只想要钱！', '副标题曝杜兰特逼勇士交易格林：不要再跟我扯其它的，我现在只想要钱！', '<p data-role=\"original-title\" style=\"display:none\">原标题：曝杜兰特逼勇士交易格林：不要再跟我扯其它的，我现在只想要钱！</p><p class=\"ql-align-justify\"> 北京时间12月25日，据NBC体育报道，杜兰特最近在谈到下一份合同时表示，他希望可能签到最大的合同，他说：“我只是想确保我在自己下一份合同中能够尽量拿到更多的钱，这样我可以把我的钱积攒起来，解决钱的问题。这一次没人能够在招募我，你可不能给我一些华而不实的东西，那种华而不实的东西现在真的打动不了我了。”</p> <p class=\"ql-align-justify\"><img src=\"http://5b0988e595225.cdn.sohucs.com/images/20181225/e26074777f87473ca01d7ee04c6afdef.jpeg\" max-width=\"600\"></p> <p class=\"ql-align-justify\"> 杜兰特这样说，也意味着向勇士管理层逼宫，意思就是想留我可以，要么给我顶薪，不给我就走人，去能给我顶薪的球队。明年夏天，杜兰特可以跟勇士签定一份5年2.2亿美元的顶薪合同，平均年薪高达4400万美元，加上库里的4000万年薪，这两人就要占掉勇士8000万的薪金空间。</p> <p class=\"ql-align-justify\"><img src=\"http://5b0988e595225.cdn.sohucs.com/images/20181225/09cb55353802460784e832de2f673b84.jpeg\" max-width=\"600\"></p> <p class=\"ql-align-justify\"> 如果勇士要留下杜兰特，那么格林就必定走，因为他曾经拒绝了勇士4年1.1亿美元的续约合同，勇士若留下杜兰特，必定不能给格林超过2000万美元的年薪，以格林的性格来说，他肯定不会降薪留在勇士。所以杜兰这样说，分明是在逼勇士管理层做选择，要么留下我， 要么送走格林。</p> <p><strong>（推理题）:一个老人死后的照片，是谁杀了他？</strong></p> <p><img src=\"http://5b0988e595225.cdn.sohucs.com/images/20181225/28a601dbd8c5494290aebc3d4b1d02b8.jpeg\" max-width=\"600\"></p> <p class=\"ql-align-justify\"><strong>答案已经发布在微信公众号：yqlqba(长按可复制)，关注后回复“老人”即可知道答案！</strong><a href=\"http://www.sohu.com/?strategyid=00001&amp;spm=smpc.content.content.5.1545794474531rTWe6ug\" target=\"_blank\" title=\"点击进入搜狐首页\" id=\"backsohucom\" style=\"white-space: nowrap;\" data-spm-data=\"5\"><span class=\"backword\"><i class=\"backsohu\"></i>返回搜狐，查看更多</span></a></p>      <p data-role=\"editor-name\">责任编辑：<span></span></p>', '2018-12-26 13:02:01', '朝林', '新华社');
INSERT INTO `t_news` VALUES ('36', '曝杜兰特逼勇士交易格林：不要再跟我扯其它的，我现在只想要钱！', '副标题曝杜兰特逼勇士交易格林：不要再跟我扯其它的，我现在只想要钱！', '<p data-role=\"original-title\" style=\"display:none\">原标题：曝杜兰特逼勇士交易格林：不要再跟我扯其它的，我现在只想要钱！</p><p class=\"ql-align-justify\"> 北京时间12月25日，据NBC体育报道，杜兰特最近在谈到下一份合同时表示，他希望可能签到最大的合同，他说：“我只是想确保我在自己下一份合同中能够尽量拿到更多的钱，这样我可以把我的钱积攒起来，解决钱的问题。这一次没人能够在招募我，你可不能给我一些华而不实的东西，那种华而不实的东西现在真的打动不了我了。”</p> <p class=\"ql-align-justify\"><img src=\"http://5b0988e595225.cdn.sohucs.com/images/20181225/e26074777f87473ca01d7ee04c6afdef.jpeg\" max-width=\"600\"></p> <p class=\"ql-align-justify\"> 杜兰特这样说，也意味着向勇士管理层逼宫，意思就是想留我可以，要么给我顶薪，不给我就走人，去能给我顶薪的球队。明年夏天，杜兰特可以跟勇士签定一份5年2.2亿美元的顶薪合同，平均年薪高达4400万美元，加上库里的4000万年薪，这两人就要占掉勇士8000万的薪金空间。</p> <p class=\"ql-align-justify\"><img src=\"http://5b0988e595225.cdn.sohucs.com/images/20181225/09cb55353802460784e832de2f673b84.jpeg\" max-width=\"600\"></p> <p class=\"ql-align-justify\"> 如果勇士要留下杜兰特，那么格林就必定走，因为他曾经拒绝了勇士4年1.1亿美元的续约合同，勇士若留下杜兰特，必定不能给格林超过2000万美元的年薪，以格林的性格来说，他肯定不会降薪留在勇士。所以杜兰这样说，分明是在逼勇士管理层做选择，要么留下我， 要么送走格林。</p> <p><strong>（推理题）:一个老人死后的照片，是谁杀了他？</strong></p> <p><img src=\"http://5b0988e595225.cdn.sohucs.com/images/20181225/28a601dbd8c5494290aebc3d4b1d02b8.jpeg\" max-width=\"600\"></p> <p class=\"ql-align-justify\"><strong>答案已经发布在微信公众号：yqlqba(长按可复制)，关注后回复“老人”即可知道答案！</strong><a href=\"http://www.sohu.com/?strategyid=00001&amp;spm=smpc.content.content.5.1545794474531rTWe6ug\" target=\"_blank\" title=\"点击进入搜狐首页\" id=\"backsohucom\" style=\"white-space: nowrap;\" data-spm-data=\"5\"><span class=\"backword\"><i class=\"backsohu\"></i>返回搜狐，查看更多</span></a></p>      <p data-role=\"editor-name\">责任编辑：<span></span></p>', '2018-12-26 13:02:01', '朝林', '新华社');
INSERT INTO `t_news` VALUES ('37', '曝杜兰特逼勇士交易格林：不要再跟我扯其它的，我现在只想要钱！', '副标题曝杜兰特逼勇士交易格林：不要再跟我扯其它的，我现在只想要钱！', '<p data-role=\"original-title\" style=\"display:none\">原标题：曝杜兰特逼勇士交易格林：不要再跟我扯其它的，我现在只想要钱！</p><p class=\"ql-align-justify\"> 北京时间12月25日，据NBC体育报道，杜兰特最近在谈到下一份合同时表示，他希望可能签到最大的合同，他说：“我只是想确保我在自己下一份合同中能够尽量拿到更多的钱，这样我可以把我的钱积攒起来，解决钱的问题。这一次没人能够在招募我，你可不能给我一些华而不实的东西，那种华而不实的东西现在真的打动不了我了。”</p> <p class=\"ql-align-justify\"><img src=\"http://5b0988e595225.cdn.sohucs.com/images/20181225/e26074777f87473ca01d7ee04c6afdef.jpeg\" max-width=\"600\"></p> <p class=\"ql-align-justify\"> 杜兰特这样说，也意味着向勇士管理层逼宫，意思就是想留我可以，要么给我顶薪，不给我就走人，去能给我顶薪的球队。明年夏天，杜兰特可以跟勇士签定一份5年2.2亿美元的顶薪合同，平均年薪高达4400万美元，加上库里的4000万年薪，这两人就要占掉勇士8000万的薪金空间。</p> <p class=\"ql-align-justify\"><img src=\"http://5b0988e595225.cdn.sohucs.com/images/20181225/09cb55353802460784e832de2f673b84.jpeg\" max-width=\"600\"></p> <p class=\"ql-align-justify\"> 如果勇士要留下杜兰特，那么格林就必定走，因为他曾经拒绝了勇士4年1.1亿美元的续约合同，勇士若留下杜兰特，必定不能给格林超过2000万美元的年薪，以格林的性格来说，他肯定不会降薪留在勇士。所以杜兰这样说，分明是在逼勇士管理层做选择，要么留下我， 要么送走格林。</p> <p><strong>（推理题）:一个老人死后的照片，是谁杀了他？</strong></p> <p><img src=\"http://5b0988e595225.cdn.sohucs.com/images/20181225/28a601dbd8c5494290aebc3d4b1d02b8.jpeg\" max-width=\"600\"></p> <p class=\"ql-align-justify\"><strong>答案已经发布在微信公众号：yqlqba(长按可复制)，关注后回复“老人”即可知道答案！</strong><a href=\"http://www.sohu.com/?strategyid=00001&amp;spm=smpc.content.content.5.1545794474531rTWe6ug\" target=\"_blank\" title=\"点击进入搜狐首页\" id=\"backsohucom\" style=\"white-space: nowrap;\" data-spm-data=\"5\"><span class=\"backword\"><i class=\"backsohu\"></i>返回搜狐，查看更多</span></a></p>      <p data-role=\"editor-name\">责任编辑：<span></span></p>', '2018-12-26 13:02:01', '朝林', '新华社');
INSERT INTO `t_news` VALUES ('38', '曝杜兰特逼勇士交易格林：不要再跟我扯其它的，我现在只想要钱！', '副标题曝杜兰特逼勇士交易格林：不要再跟我扯其它的，我现在只想要钱！', '<p data-role=\"original-title\" style=\"display:none\">原标题：曝杜兰特逼勇士交易格林：不要再跟我扯其它的，我现在只想要钱！</p><p class=\"ql-align-justify\"> 北京时间12月25日，据NBC体育报道，杜兰特最近在谈到下一份合同时表示，他希望可能签到最大的合同，他说：“我只是想确保我在自己下一份合同中能够尽量拿到更多的钱，这样我可以把我的钱积攒起来，解决钱的问题。这一次没人能够在招募我，你可不能给我一些华而不实的东西，那种华而不实的东西现在真的打动不了我了。”</p> <p class=\"ql-align-justify\"><img src=\"http://5b0988e595225.cdn.sohucs.com/images/20181225/e26074777f87473ca01d7ee04c6afdef.jpeg\" max-width=\"600\"></p> <p class=\"ql-align-justify\"> 杜兰特这样说，也意味着向勇士管理层逼宫，意思就是想留我可以，要么给我顶薪，不给我就走人，去能给我顶薪的球队。明年夏天，杜兰特可以跟勇士签定一份5年2.2亿美元的顶薪合同，平均年薪高达4400万美元，加上库里的4000万年薪，这两人就要占掉勇士8000万的薪金空间。</p> <p class=\"ql-align-justify\"><img src=\"http://5b0988e595225.cdn.sohucs.com/images/20181225/09cb55353802460784e832de2f673b84.jpeg\" max-width=\"600\"></p> <p class=\"ql-align-justify\"> 如果勇士要留下杜兰特，那么格林就必定走，因为他曾经拒绝了勇士4年1.1亿美元的续约合同，勇士若留下杜兰特，必定不能给格林超过2000万美元的年薪，以格林的性格来说，他肯定不会降薪留在勇士。所以杜兰这样说，分明是在逼勇士管理层做选择，要么留下我， 要么送走格林。</p> <p><strong>（推理题）:一个老人死后的照片，是谁杀了他？</strong></p> <p><img src=\"http://5b0988e595225.cdn.sohucs.com/images/20181225/28a601dbd8c5494290aebc3d4b1d02b8.jpeg\" max-width=\"600\"></p> <p class=\"ql-align-justify\"><strong>答案已经发布在微信公众号：yqlqba(长按可复制)，关注后回复“老人”即可知道答案！</strong><a href=\"http://www.sohu.com/?strategyid=00001&amp;spm=smpc.content.content.5.1545794474531rTWe6ug\" target=\"_blank\" title=\"点击进入搜狐首页\" id=\"backsohucom\" style=\"white-space: nowrap;\" data-spm-data=\"5\"><span class=\"backword\"><i class=\"backsohu\"></i>返回搜狐，查看更多</span></a></p>      <p data-role=\"editor-name\">责任编辑：<span></span></p>', '2018-12-26 13:02:01', '朝林', '新华社');
INSERT INTO `t_news` VALUES ('39', '曝杜兰特逼勇士交易格林：不要再跟我扯其它的，我现在只想要钱！', '副标题曝杜兰特逼勇士交易格林：不要再跟我扯其它的，我现在只想要钱！', '<p data-role=\"original-title\" style=\"display:none\">原标题：曝杜兰特逼勇士交易格林：不要再跟我扯其它的，我现在只想要钱！</p><p class=\"ql-align-justify\"> 北京时间12月25日，据NBC体育报道，杜兰特最近在谈到下一份合同时表示，他希望可能签到最大的合同，他说：“我只是想确保我在自己下一份合同中能够尽量拿到更多的钱，这样我可以把我的钱积攒起来，解决钱的问题。这一次没人能够在招募我，你可不能给我一些华而不实的东西，那种华而不实的东西现在真的打动不了我了。”</p> <p class=\"ql-align-justify\"><img src=\"http://5b0988e595225.cdn.sohucs.com/images/20181225/e26074777f87473ca01d7ee04c6afdef.jpeg\" max-width=\"600\"></p> <p class=\"ql-align-justify\"> 杜兰特这样说，也意味着向勇士管理层逼宫，意思就是想留我可以，要么给我顶薪，不给我就走人，去能给我顶薪的球队。明年夏天，杜兰特可以跟勇士签定一份5年2.2亿美元的顶薪合同，平均年薪高达4400万美元，加上库里的4000万年薪，这两人就要占掉勇士8000万的薪金空间。</p> <p class=\"ql-align-justify\"><img src=\"http://5b0988e595225.cdn.sohucs.com/images/20181225/09cb55353802460784e832de2f673b84.jpeg\" max-width=\"600\"></p> <p class=\"ql-align-justify\"> 如果勇士要留下杜兰特，那么格林就必定走，因为他曾经拒绝了勇士4年1.1亿美元的续约合同，勇士若留下杜兰特，必定不能给格林超过2000万美元的年薪，以格林的性格来说，他肯定不会降薪留在勇士。所以杜兰这样说，分明是在逼勇士管理层做选择，要么留下我， 要么送走格林。</p> <p><strong>（推理题）:一个老人死后的照片，是谁杀了他？</strong></p> <p><img src=\"http://5b0988e595225.cdn.sohucs.com/images/20181225/28a601dbd8c5494290aebc3d4b1d02b8.jpeg\" max-width=\"600\"></p> <p class=\"ql-align-justify\"><strong>答案已经发布在微信公众号：yqlqba(长按可复制)，关注后回复“老人”即可知道答案！</strong><a href=\"http://www.sohu.com/?strategyid=00001&amp;spm=smpc.content.content.5.1545794474531rTWe6ug\" target=\"_blank\" title=\"点击进入搜狐首页\" id=\"backsohucom\" style=\"white-space: nowrap;\" data-spm-data=\"5\"><span class=\"backword\"><i class=\"backsohu\"></i>返回搜狐，查看更多</span></a></p>      <p data-role=\"editor-name\">责任编辑：<span></span></p>', '2018-12-26 13:02:01', '朝林', '新华社');
INSERT INTO `t_news` VALUES ('40', '曝杜兰特逼勇士交易格林：不要再跟我扯其它的，我现在只想要钱！', '副标题曝杜兰特逼勇士交易格林：不要再跟我扯其它的，我现在只想要钱！', '<p data-role=\"original-title\" style=\"display:none\">原标题：曝杜兰特逼勇士交易格林：不要再跟我扯其它的，我现在只想要钱！</p><p class=\"ql-align-justify\"> 北京时间12月25日，据NBC体育报道，杜兰特最近在谈到下一份合同时表示，他希望可能签到最大的合同，他说：“我只是想确保我在自己下一份合同中能够尽量拿到更多的钱，这样我可以把我的钱积攒起来，解决钱的问题。这一次没人能够在招募我，你可不能给我一些华而不实的东西，那种华而不实的东西现在真的打动不了我了。”</p> <p class=\"ql-align-justify\"><img src=\"http://5b0988e595225.cdn.sohucs.com/images/20181225/e26074777f87473ca01d7ee04c6afdef.jpeg\" max-width=\"600\"></p> <p class=\"ql-align-justify\"> 杜兰特这样说，也意味着向勇士管理层逼宫，意思就是想留我可以，要么给我顶薪，不给我就走人，去能给我顶薪的球队。明年夏天，杜兰特可以跟勇士签定一份5年2.2亿美元的顶薪合同，平均年薪高达4400万美元，加上库里的4000万年薪，这两人就要占掉勇士8000万的薪金空间。</p> <p class=\"ql-align-justify\"><img src=\"http://5b0988e595225.cdn.sohucs.com/images/20181225/09cb55353802460784e832de2f673b84.jpeg\" max-width=\"600\"></p> <p class=\"ql-align-justify\"> 如果勇士要留下杜兰特，那么格林就必定走，因为他曾经拒绝了勇士4年1.1亿美元的续约合同，勇士若留下杜兰特，必定不能给格林超过2000万美元的年薪，以格林的性格来说，他肯定不会降薪留在勇士。所以杜兰这样说，分明是在逼勇士管理层做选择，要么留下我， 要么送走格林。</p> <p><strong>（推理题）:一个老人死后的照片，是谁杀了他？</strong></p> <p><img src=\"http://5b0988e595225.cdn.sohucs.com/images/20181225/28a601dbd8c5494290aebc3d4b1d02b8.jpeg\" max-width=\"600\"></p> <p class=\"ql-align-justify\"><strong>答案已经发布在微信公众号：yqlqba(长按可复制)，关注后回复“老人”即可知道答案！</strong><a href=\"http://www.sohu.com/?strategyid=00001&amp;spm=smpc.content.content.5.1545794474531rTWe6ug\" target=\"_blank\" title=\"点击进入搜狐首页\" id=\"backsohucom\" style=\"white-space: nowrap;\" data-spm-data=\"5\"><span class=\"backword\"><i class=\"backsohu\"></i>返回搜狐，查看更多</span></a></p>      <p data-role=\"editor-name\">责任编辑：<span></span></p>', '2018-12-26 13:02:01', '朝林', '新华社');

-- ----------------------------
-- Table structure for t_news_category
-- ----------------------------
DROP TABLE IF EXISTS `t_news_category`;
CREATE TABLE `t_news_category` (
  `id` bigint(20) NOT NULL AUTO_INCREMENT COMMENT '自增主键',
  `news_id` bigint(20) NOT NULL COMMENT '新闻ID',
  `category_id` tinyint(4) NOT NULL COMMENT '新闻分类ID',
  PRIMARY KEY (`id`),
  UNIQUE KEY `主键索引` (`id`),
  KEY `新闻ID` (`news_id`),
  KEY `类型ID` (`category_id`)
) ENGINE=MyISAM AUTO_INCREMENT=41 DEFAULT CHARSET=utf8;

-- ----------------------------
-- Records of t_news_category
-- ----------------------------
INSERT INTO `t_news_category` VALUES ('1', '1', '6');
INSERT INTO `t_news_category` VALUES ('2', '2', '1');
INSERT INTO `t_news_category` VALUES ('3', '3', '2');
INSERT INTO `t_news_category` VALUES ('4', '4', '3');
INSERT INTO `t_news_category` VALUES ('5', '5', '4');
INSERT INTO `t_news_category` VALUES ('6', '6', '5');
INSERT INTO `t_news_category` VALUES ('7', '7', '6');
INSERT INTO `t_news_category` VALUES ('8', '8', '6');
INSERT INTO `t_news_category` VALUES ('9', '9', '6');
INSERT INTO `t_news_category` VALUES ('10', '10', '6');
INSERT INTO `t_news_category` VALUES ('11', '11', '6');
INSERT INTO `t_news_category` VALUES ('12', '12', '6');
INSERT INTO `t_news_category` VALUES ('13', '13', '6');
INSERT INTO `t_news_category` VALUES ('14', '14', '6');
INSERT INTO `t_news_category` VALUES ('15', '15', '6');
INSERT INTO `t_news_category` VALUES ('16', '16', '6');
INSERT INTO `t_news_category` VALUES ('17', '17', '6');
INSERT INTO `t_news_category` VALUES ('18', '18', '6');
INSERT INTO `t_news_category` VALUES ('19', '19', '6');
INSERT INTO `t_news_category` VALUES ('20', '20', '6');
INSERT INTO `t_news_category` VALUES ('21', '21', '6');
INSERT INTO `t_news_category` VALUES ('22', '22', '6');
INSERT INTO `t_news_category` VALUES ('23', '23', '6');
INSERT INTO `t_news_category` VALUES ('24', '24', '6');
INSERT INTO `t_news_category` VALUES ('25', '25', '1');
INSERT INTO `t_news_category` VALUES ('26', '26', '1');
INSERT INTO `t_news_category` VALUES ('27', '27', '1');
INSERT INTO `t_news_category` VALUES ('28', '28', '1');
INSERT INTO `t_news_category` VALUES ('29', '29', '1');
INSERT INTO `t_news_category` VALUES ('30', '30', '1');
INSERT INTO `t_news_category` VALUES ('31', '31', '1');
INSERT INTO `t_news_category` VALUES ('32', '32', '1');
INSERT INTO `t_news_category` VALUES ('33', '33', '1');
INSERT INTO `t_news_category` VALUES ('34', '34', '1');
INSERT INTO `t_news_category` VALUES ('35', '35', '1');
INSERT INTO `t_news_category` VALUES ('36', '36', '1');
INSERT INTO `t_news_category` VALUES ('37', '37', '1');
INSERT INTO `t_news_category` VALUES ('38', '38', '1');
INSERT INTO `t_news_category` VALUES ('39', '39', '1');
INSERT INTO `t_news_category` VALUES ('40', '40', '1');

-- ----------------------------
-- Table structure for t_news_label
-- ----------------------------
DROP TABLE IF EXISTS `t_news_label`;
CREATE TABLE `t_news_label` (
  `id` bigint(20) NOT NULL AUTO_INCREMENT,
  `label_id` bigint(20) NOT NULL,
  `news_id` bigint(20) NOT NULL,
  PRIMARY KEY (`id`),
  KEY `标签ID` (`label_id`),
  KEY `新闻ID` (`news_id`)
) ENGINE=MyISAM AUTO_INCREMENT=81 DEFAULT CHARSET=utf8;

-- ----------------------------
-- Records of t_news_label
-- ----------------------------
INSERT INTO `t_news_label` VALUES ('1', '1', '1');
INSERT INTO `t_news_label` VALUES ('2', '1', '2');
INSERT INTO `t_news_label` VALUES ('3', '1', '3');
INSERT INTO `t_news_label` VALUES ('4', '1', '4');
INSERT INTO `t_news_label` VALUES ('5', '1', '5');
INSERT INTO `t_news_label` VALUES ('6', '2', '6');
INSERT INTO `t_news_label` VALUES ('7', '2', '7');
INSERT INTO `t_news_label` VALUES ('8', '2', '8');
INSERT INTO `t_news_label` VALUES ('9', '2', '9');
INSERT INTO `t_news_label` VALUES ('10', '2', '10');
INSERT INTO `t_news_label` VALUES ('11', '3', '11');
INSERT INTO `t_news_label` VALUES ('12', '3', '12');
INSERT INTO `t_news_label` VALUES ('13', '3', '13');
INSERT INTO `t_news_label` VALUES ('14', '3', '14');
INSERT INTO `t_news_label` VALUES ('15', '3', '15');
INSERT INTO `t_news_label` VALUES ('16', '4', '16');
INSERT INTO `t_news_label` VALUES ('17', '4', '17');
INSERT INTO `t_news_label` VALUES ('18', '4', '18');
INSERT INTO `t_news_label` VALUES ('19', '4', '19');
INSERT INTO `t_news_label` VALUES ('20', '4', '20');
INSERT INTO `t_news_label` VALUES ('21', '1', '21');
INSERT INTO `t_news_label` VALUES ('22', '1', '22');
INSERT INTO `t_news_label` VALUES ('23', '1', '23');
INSERT INTO `t_news_label` VALUES ('24', '1', '24');
INSERT INTO `t_news_label` VALUES ('25', '1', '25');
INSERT INTO `t_news_label` VALUES ('26', '2', '26');
INSERT INTO `t_news_label` VALUES ('27', '2', '27');
INSERT INTO `t_news_label` VALUES ('28', '2', '28');
INSERT INTO `t_news_label` VALUES ('29', '2', '29');
INSERT INTO `t_news_label` VALUES ('30', '2', '30');
INSERT INTO `t_news_label` VALUES ('31', '3', '31');
INSERT INTO `t_news_label` VALUES ('32', '3', '32');
INSERT INTO `t_news_label` VALUES ('33', '3', '33');
INSERT INTO `t_news_label` VALUES ('34', '3', '34');
INSERT INTO `t_news_label` VALUES ('35', '3', '35');
INSERT INTO `t_news_label` VALUES ('36', '4', '36');
INSERT INTO `t_news_label` VALUES ('37', '4', '37');
INSERT INTO `t_news_label` VALUES ('38', '4', '38');
INSERT INTO `t_news_label` VALUES ('39', '4', '39');
INSERT INTO `t_news_label` VALUES ('40', '4', '40');
INSERT INTO `t_news_label` VALUES ('41', '1', '11');
INSERT INTO `t_news_label` VALUES ('42', '1', '12');
INSERT INTO `t_news_label` VALUES ('43', '1', '13');
INSERT INTO `t_news_label` VALUES ('44', '1', '14');
INSERT INTO `t_news_label` VALUES ('45', '1', '15');
INSERT INTO `t_news_label` VALUES ('46', '2', '16');
INSERT INTO `t_news_label` VALUES ('47', '2', '17');
INSERT INTO `t_news_label` VALUES ('48', '2', '18');
INSERT INTO `t_news_label` VALUES ('49', '2', '19');
INSERT INTO `t_news_label` VALUES ('50', '2', '20');
INSERT INTO `t_news_label` VALUES ('51', '3', '21');
INSERT INTO `t_news_label` VALUES ('52', '3', '22');
INSERT INTO `t_news_label` VALUES ('53', '3', '23');
INSERT INTO `t_news_label` VALUES ('54', '3', '24');
INSERT INTO `t_news_label` VALUES ('55', '3', '25');
INSERT INTO `t_news_label` VALUES ('56', '4', '26');
INSERT INTO `t_news_label` VALUES ('57', '4', '27');
INSERT INTO `t_news_label` VALUES ('58', '4', '28');
INSERT INTO `t_news_label` VALUES ('59', '4', '29');
INSERT INTO `t_news_label` VALUES ('60', '4', '30');
INSERT INTO `t_news_label` VALUES ('61', '1', '31');
INSERT INTO `t_news_label` VALUES ('62', '1', '32');
INSERT INTO `t_news_label` VALUES ('63', '1', '33');
INSERT INTO `t_news_label` VALUES ('64', '1', '34');
INSERT INTO `t_news_label` VALUES ('65', '1', '35');
INSERT INTO `t_news_label` VALUES ('66', '2', '36');
INSERT INTO `t_news_label` VALUES ('67', '2', '37');
INSERT INTO `t_news_label` VALUES ('68', '2', '38');
INSERT INTO `t_news_label` VALUES ('69', '2', '39');
INSERT INTO `t_news_label` VALUES ('70', '2', '40');
INSERT INTO `t_news_label` VALUES ('71', '3', '1');
INSERT INTO `t_news_label` VALUES ('72', '3', '2');
INSERT INTO `t_news_label` VALUES ('73', '3', '3');
INSERT INTO `t_news_label` VALUES ('74', '3', '4');
INSERT INTO `t_news_label` VALUES ('75', '3', '5');
INSERT INTO `t_news_label` VALUES ('76', '4', '6');
INSERT INTO `t_news_label` VALUES ('77', '4', '7');
INSERT INTO `t_news_label` VALUES ('78', '4', '8');
INSERT INTO `t_news_label` VALUES ('79', '4', '9');
INSERT INTO `t_news_label` VALUES ('80', '4', '10');

-- ----------------------------
-- Table structure for t_user
-- ----------------------------
DROP TABLE IF EXISTS `t_user`;
CREATE TABLE `t_user` (
  `id` bigint(20) NOT NULL AUTO_INCREMENT,
  `name` varchar(255) NOT NULL,
  `password` varchar(255) NOT NULL,
  PRIMARY KEY (`id`)
) ENGINE=MyISAM AUTO_INCREMENT=2 DEFAULT CHARSET=utf8;

-- ----------------------------
-- Records of t_user
-- ----------------------------
INSERT INTO `t_user` VALUES ('1', 'admin', 'e10adc3949ba59abbe56e057f20f883e');
